Sentence	Predicted	Label
汗めっちゃかいた()	1	1
1人だけ春みたいなかっこしててはずい	1	1
……はあ；；；；	1	0
あぁーテスト勉強()	1	1
ハシが狂っていく様が儚げで見てて辛かったけど、なんか好き…	1	1
明るいポップな曲も可愛いから好きだけど、しゃわげとか落ち着いてるけど華やかな、大人っぽい曲でまとめたアルバムも欲しいなぁ…なんて思ったり…	1	0
しゃわげ大好き人間なんだよね…	1	1
かわ、かわぁ…！；；；；	1	0
シューズバンド買お	1	0
お腹空いた	1	1
今週にでもヒトカラ行こうかな	1	2
まぁそれが出来てんのが歌手なんだろうな…すごい	1	0
自分の好きな歌を自分なりに納得いくように歌えたら最高なのに?	1	1
なんかもう体調不良すぎるから帰りたい	1	1
30分以上遅刻してるけど一応行く	1	1
成人式なかったらバッサリ切るのに	1	1
関東のタワレコさんの優しさ…；；；；ありがたい；；；；	1	1
はよえびお迎え行きたい！	1	0
あぁ?今日は大学のアイドル君のスマイルもらえた(私に笑いかけた訳ではない)からはっぴ???	1	1
めっちゃ綺麗だった??	1	0
わたしに向けて笑われた日には即死だろうよ	1	0
え、めっちゃ見るやん…そんな音漏れしてる？	1	1
高い鼻とぱっちりな目に生まれたい人生だった	1	1
うわ、うれし…	1	2
あちーーー	1	1
関西のT/SUT/AYAにしろ新/星/堂にしろタ/ワレ/コにしろ、えびに冷たいよね()私の地元だけ？()	1	1
ガチですねぇ…()	1	1
Revolutionなんかのアニメの主題歌いけそう。好き。	1	1
映画やるのか()	1	1
東京喰種、狂った演技…というか叫ぶし、はっしーキャストに入らないかな…	1	1
主役に旬な人使うのは当たり前の事なんだろうけど、脇のひとりくらいブレイク前の人使ってもいいんじゃない…？はっしーならやってくれそうだと思うんだけど、ダメかね？	1	1
なんか、才能ある人が報われないの辛い	1	1
久々に愚痴のようなもの吐いた()すいません	1	1
あぁ?鼻水が?鬱陶しい?	1	1
可愛い；；；；	1	0
パンフレット、家にあるのと同じものを間違えて買ってしまった()	1	1
凡ミスにも程がある…	1	1
塚ちゃんがうたプリ…！！！うおおお…見たかった！	1	0
あ、やらないとな…エントリー	1	1
忘れた	1	1
前活発だった垢からのフォロワーさんから反応あるとすっごい嬉しい	1	1
あーー可愛いーーー	1	1
あぁ?眠いぞ	1	1
なんで昼間やらなかったんだろうね?いつもこうだね?	1	1
誰かと遊びたいけどテスト	1	1
昨日カラオケ行ったのにまた行きたい病	1	1
ちょ、やば、	1	2
めっっっっちゃ好みの服装じゃないですかぁ；；；；	1	1
もっとマシな事言いたいけど語彙力ない	1	1
いちごキャラメル美味しい	1	0
今無性にえびせん食べたい	1	2
明日買って帰ろ	1	1
さ、寒い()	1	1
行ってみたいRT	1	0
はっしーwww	1	2
美しすぎぃ…；；；；	1	1
眠いから愚痴ってしまった()すいません	1	1
見たかったなー音楽番組	1	1
愚痴とか文句ばっか言ってるの見てて気分がいいものじゃないのはわかってるんだけど…つい言っちゃうよね…朝になったらツイ消しするんだろうな…	1	1
こういう事言ってくれる方がいるのが本当に救いだな…	1	1
テレビ的には面白いのかもしれない(私はそう思わない)けど、貶しとか、自分を下げすぎるのは、ファンでも正直見てて気持ちの良いものではないのでやめてください(唐突)	1	1
なんだかなぁ…	1	1
私は自担だからっていう理由だけで何でも許す事はできないよ。無理なもんは無理。	1	1
いろいろ言っちゃう時あるけど根底にあるのはえびの素晴らしさ知らないの勿体ないっていう	1	1
あかん…疲れ取れてない()テスト勉強…()	1	1
ここで言うのも気が引ける事を呟く垢を作りたい	1	1
おなかすいた	1	1
ウザイよよよよよよ気持ち悪いよよよよよよよ	1	1
本当に無理	1	1
チョコミント食べたい	1	1
え、チケット発送されてる…？	1	1
ダチュラ！！！！！！	1	0
少クラの司会とかセレクションコンビとか塚濵ちゃんとか、えびとジャニストが絡むと可愛い	1	1
コイベビ楽しみ?！	1	0
今日6時だと思ってたけど、4時からやんな…危ない	1	1
スポサン快適	1	1
エヴァ???！	1	0
新劇はほぼ意味わからんけど絵は好き	1	1
今日モノトーンすぎて笑う()紫要皆無()	1	0
パフェ食べて帰りたい…()	1	0
ええ…行きたい…	1	2
帰ったらSASUKE見るぞ?！	1	2
見終わったらレポートのお供にちゃんずーかけよ	1	0
昨日は余韻に浸りながら寝落ちしてしまったから、今日は感想かけてよかった…	1	1
あ、千秋楽じゃない、大千秋楽や…凡ミス	1	1
お母さんが塚ちゃんを認識してくれて歓喜…	1	0
相変わらず河合くんは後藤さんだけど(笑）	1	0
他グルの子達が若すぎるから錯覚するけど、２０代後半とかまだまだ若い(と思う)	1	1
だーお風呂入るのダルい()	1	1
明日も学校ですか…やばい…これはキツい	1	1
シャワゲ最高…	1	0
新しいバイト先の偉い人、多分気が合わない	1	1
筋肉とか組織とかややこしい()生物無理()	1	1
可愛すぎやん…	1	0
戸塚田可愛いな…戸塚田…	1	1
やばい眠い()	1	1
コミュ力切実にほしい	1	1
まずブリってるとかでなくガチで男子の免疫がないから困ってる	1	1
はやく厄祓い行きたい	1	1
今日もグッジョブめっちゃ好きやわ…	1	0
お腹空いた	1	1
カーディガン、外出たら普通に暑苦しいけど、建物の中入ったら丁度いいから脱げん…	1	1
あああ櫻井さんの声ｲｹﾎﾞすぎるあああ	1	1
自虐に走っちゃうの可愛いよ…こういう走り方なら可愛いよすんごく…	1	1
だから夏休みは掛け持ちして稼ぎまくる	1	0
春休みスペシャルはやっぱり神…可愛いが詰まりすぎてる…	1	1
嬉しすぎか	1	0
１回生なのに発表が２回もあるってどういう事…コミュ障には辛いぜ…	1	1
あかんでド緊張やで	1	1
友達がA.B.C-Z検索してくれたみたいで、イケメンって言ってくれた…！イケメンって…！いやぁ、かっこいいとは思うけど！イケメンは新鮮！	1	1
NEWSさんのTouch好きすぎてずっとリピってる	1	1
はっしーととっつーのソロ全部好きすぎる	1	0
おやすみなさい…	1	1
明日１限からだし寝なきゃ	1	1
ストッキングのつま先破れて痛い	1	1
あー今日はバイトかー	1	1
頑張ろ	1	0
こういう感想が一番嬉しいよね…	1	0
そしてそのままハマって下さい	1	0
はっしーやべーよ	1	2
テスト勉強どのくらいしたらいいかわかってないから、下手にバイトたくさん入れれない()	1	1
あ！FNS！録画せな！！！	1	0
モノトーンコーデ大好物	1	1
FNSってセット綺麗だよなあ…	1	0
ほんとだよ…河合くんはかっこいいよ…	1	1
焼けたくないし()	1	1
よし、明日取りに行くか…	1	1
レポート今日提出なのにまだできてない寝てしまったつらい	1	1
飼ってるわんこが可愛すぎるつらい	1	1
北山さんすごい	1	1
やっぱキスマイって体かっこいいもんな…いや顔もかっこいいけど…	1	0
体格がすごく好み…	1	0
確かにこだわってるwww	1	0
朝から嬉しすぎる	1	1
あーもう本当に嬉しいなFC	1	1
最高の誕生日プレゼントだわFC発足	1	1
てかフォロワーさん優しすぎるからやばい	1	0
号泣しそう	1	0
おもろすぎかwww	1	0
初めて入るファンクラブがA.B.C-Zって本当に嬉しい………	1	1
え、やっぱ背高いとかっこいいなぁ	1	2
お腹痛い	1	1
扇風機にあたり過ぎたかもなぁ…	1	1
レポートまだ終わってないんやけどなぁ…辛いなぁ…	1	1
わーいレポート終わった(白目)	1	1
何、次は何すればいいんだっけか()	1	1
カラオケで花言葉歌われたら惚れる可能性ある	1	2
今回のアルバム、個人的に今日もグッジョブ!!!、Fantastic Ride、はっしーソロがドストライクだった…！	1	1
ショタ最高…	1	0
あかんめっちゃ楽しかった…	1	1
かわいすぎかよ…癒される…	1	0
はぁ…コンサート最高だった…今頃きたわ	1	0
あと世界一とか泣かせにかかってる…	1	0
渚の?の河合くんは最高だった…あの幸せそうな顔がね…うん	1	0
なんだろ、やっぱバラードを生で聴くとヤバイな…泣く	1	0
サークルあんの忘れてた	1	1
あちゃ???	1	1
えびのコンサートの感想、書こうと思ってたのに、行けたり、フォロワーさんに会えただけで満足して書くの忘れてた…	1	2
スケジュール帳あんまみないから誕生日を当日や当日付近にお祝いし忘れるっていう…申しわけないです	1	1
せっかく教えてもらえたのに…！	1	1
まってゼウス！？！？！？！？！？！ほんとに！？！！？！？	1	0
本当なら嬉しすぎるな！？！？！？！？！？	1	1
えびの大阪いけるいけるかわからんな…	1	1
チケット、フォロワーさん限定でお譲りやってみようかな…	1	1
(東京喰種、実写するならカネキくんは窪田くんか神木くんだと思ってたので嬉しい)	1	1
ムヒ最強説…一気に涼しくなった…寝れる	1	0
FaFはなんかラノベがアニメ化した時の主題歌みあるねって妹と話してたのよね…	1	0
CanCamにえびちゃん…！買わなきゃ(使命感)	1	0
花言葉好きすぎてずっと聞いてられる	1	0
あと「ずっと君を守るよ?」の所で毎回死ぬよね()	1	1
他の方が言ってるかもしれないけど、花言葉の2番の「祝福を」をとっつーが歌ってるのがまた良いよね…	1	0
えびがダサくない…！？！？！？(アルバムのジャケット)	1	2
ついでに言うと、衣装、今の感じも勿論すごい可愛いんだけど、落ち着いた、オシャレな男性の私服みたいな衣装も、もっと増えていいと思う。その方がジャニオタ以外にうけがいいかも…私がそうだったし。	1	0
秋ってタイツ履けるし冬よりは薄着でいいし長袖着れるし服の色合いが落ち着いてて可愛いしで最高な季節だよな…	1	1
河合くんお誕生日おめでとうございます！！！！	1	0
ペルソナ…w	1	0
どうしてもアニメがよぎるよね()	1	0
てかイベント抽選じゃないんだね…やばい	1	2
カウコン行かれる方、楽しんで下さい?！！	1	0
一生に一度はカウコン行ってみたいよね	1	1
綺麗なお顔がいっぱい	1	1
はっしーでこあげたやつめっちゃイケメンやん	1	1
河合くんのでこあげたのもすき	1	1
アイコンいい加減変えたいなー	1	1
コイベビ見たい…	1	1
公演日によって役入れ替わっちゃうのね…見たすぎ…	1	0
菩薩になりたいよ	1	1
なんで頑張ってる人が報われないんだよ…悔しい	1	1
やらない後悔よりやる後悔の方がいいし送ってきます	1	1
混乱する	1	1
オンラインカウンセリングしてもらいたいな?	1	1
そのアーティストは嫌いじゃないのにファンのせいでそのアーティストも嫌いになってしまう	1	1
自分も足痛いのに足痛めた人のかわりに出勤するってなんか面白いよね	1	1
付き合ってる人に対してブスとかブタとか言えるのが本当に仲良いって風潮嫌だな…好きな人に対してそんな汚い言葉かけるってどういう神経…？	1	1
休憩中に食べるものお菓子やめてフルーツにしたんだけど、凍ってるから味しない	1	1
美味しそうな名前のコスメだいたい可愛い	1	1
Aちゃんが紹介してるやつ何個か試したけど肌大荒れでも滲みないし、敏感肌向けの確かな情報流してくれるのありがたすぎるから大好き…他のユーチューバーとか美容垢は敏感肌もどきだから正直スキンケアは参考にならん…ハトムギ使える時点で敏感肌じゃないよね…？は…？という気持ち	1	0
四六時中考える事はなくなったけど、ふとした時に思い出してしまう	1	1
やばい女をやばいって言わん男がやばいのめちゃくちゃわかる元彼じゃん	1	1
なんで誤字るかなぁ	1	1
これ多分父親と同級生男子のせいなんだよな	1	1
元々の男嫌いが再発してしまって恋愛どころではなくなった、、、	1	1
いい人に出会えますように	1	1
優しい所だけをみて浸ってたんだなぁ	1	1
今日の今くらあまり共感できない…	1	1
最近愚痴しか呟くことなくてうんざりする	1	1
そういう人間は恋人作るのやめたらいいのに	1	1
大学の大声で馬鹿騒ぎするノリが嫌いすぎて学校行くの嫌になる	1	1
一人で美術館とか映画とかフラ?っと行ってああ綺麗だったな…面白かったな…って噛みしめたい	1	1
コロナだから普段縛られてる時間が少しなくなって自由がきいてるけど、コロナだからその空いた時間に一人でブラブラできないのがなんとも言えないなぁ	1	1
全然自粛は苦じゃないんだけどたまに出かけたくなる	1	1
誕生日いつもテスト期間でうんざりする	1	1
だからって付き合うと幸せでもない	1	1
嬉しいけど謎	1	1
凡ミスばっかしてしまって萎えてるけど切り替えなきゃ	1	1
ハーまたネットの可愛い一般人みて鬱…はやく整形したい	1	1
こういう顔めっちゃ好き…	1	0
可愛いコスメ注文したからテストがんばろ	1	2
コンサートのDVD届くの待ち遠しい	1	0
やっぱり私は誰かを推してる方が充実してるな?	1	1
ペアリングとか作らなくて良かったって今すごい思う	1	1
もう夕方だけど何食べよっかな…	1	1
推しが綺麗すぎてイケメンすぎて生きるのが毎日楽しいな	1	0
あと幸せの押し付けもやめてよ	1	1
結婚することが幸せって決めつけないで欲しいよ	1	1
この言葉一番欲しかったよ…ありがとう…	1	1
テストがんばろ	1	1
ちょっと鬱になってきても筋トレしたら忘れるの最高	1	2
わたしの鬱はその程度なんだから悩んだら筋トレを徹底しよ	1	1
明日は腹斜筋やろうかな	1	1
わたしだって気付いてない気もするけど、これでよかったんだろうなー	1	0
なんか最近勉強するのが楽しい	1	1
今月は結構使っちゃったけどまた貯めなきゃ	1	1
メイクも前より上手くなったって言われたし、あとはヘアアレンジの練習がんばろ	1	0
厳しくできなかった自分が招いた結果だから受け止めて次いくしかないね	1	1
手術よりも麻酔打つの瞬間が激痛	1	1
人前が苦手でついキョドってしまう人とかに対して影でこそこそ笑ったり陰口言ったりする系の人がすごく嫌いでその人らのノリに合わせるのしんどすぎて抜けたら今孤立してるけどめちゃくちゃ生きやすい	1	1
久々に友達と遊ぶから気合い入る?！！何色のメイクしてこ！	1	1
最近けーぽにハマっちゃって大変大変	1	1
でもやっぱり5人組の大人の魅力あふれるグループに惹かれるんだな…私の好みわかりやすいなぁ	1	0
また絵描きたくなってきた	1	0
久々にえびちゃんのCDのジャケ見たけど可愛いなぁ	1	1
香水の香りも好きだでけど瓶が可愛いよね…瓶って言い方なんか知らんけど…	1	1
結構じゃむの人がやってくれててなんだか嬉しいRT	1	2
なんかもうどうしたらいいのかわからないなぁ	1	1
自分の詰めの甘さが原因だけどなんでこんな事で悩まなきゃいけないんだろ	1	1
トパーズの新色可愛い	1	1
可愛いと思える惚気垢と気持ち悪いと思う惚気垢の違いはやっぱり夜の話を書いてるか書いてないかなんだなぁ…	1	1
東京大神宮のお札も燃やしたくなってきた	1	1
なんかえびとJO1が繋がってるの嬉しいな	1	2
クイックラッシュカーラーなめてた	1	2
めちゃくちゃメイク上手くいったのに写真撮るの下手すぎて記録残せないの辛すぎん？	1	1
大人っぽい系統になりたいけど、冬になったら可愛い系の服着たくなる	1	1
大きい犬ほんとに可愛い	1	2
新しいアイロン家用にあるけど使いにくいしサロニア買おうかな…	1	1
付録についてたミルボンのシャンプーめっちゃ良かったから買おうと思って値段調べたらそこそこ高くて泣いた	1	1
昔よりはマシになったけどまだまだ満足できないもっと可愛くなる	1	1
addictionのクレンジングオイルめちゃくちゃよかった…お金余裕できたら買ってみようかな	1	0
一人で映画でも見に行こうかな?	1	1
にゅいの垢作ったけどこっちの居心地良すぎて	1	1
わたしどうやって絵描いてたんだっけか	1	1
でもうまいこと伝えられないんだよなー…なんか父親と重なって意見できない時がある	1	1
医療従事者がツイッターよくやってるけどあれすごいよね。本人てバレそうで就職しても鍵外せないこわい	1	1
Twitter試しに消したら何個かログインできなくなった…	1	1
Qoo10ついにVIP会員になってた	1	2
心配して質問こっちからふってるのにそれ全無視されたら電話する気も無くなるんですけど…聞かれたことには答えようね大人なんだし	1	1
この子いつも人の話聞いてないんだよな。正確には自分の興味あることだけ聞いてる。私もそういうところあるから強く言えんけど私より酷いってだいぶやばいよ	1	1
マモンド のリップかわい	1	2
とりあえず肌をきれいにしてから服とか色々買おう	1	1
カメラを向けられても笑顔で応えられるようになりたい	1	1
まってまって渡韓できるようになるの！？	1	2
えびもにゅいも手で星つくってんのめちゃかわじゃない？	1	0
にゅい専用の垢を作ったけど情報収集垢になっちゃってわろてる	1	0
今はむかつく事しか思い出さないけどね	1	1
整体気になるな	1	1
秋冬って物欲爆発する	1	1
オレンジの香りってきになる	1	2
ジョーマローンのコフレ欲しすぎるな	1	2
ひっさびさにキャンメイクとセザンヌ買った?！色味が可愛すぎて最高	1	1
えびちゃんの特番見れた…！	1	0
ランサーズ面白い仕事いくつかあって探すとき楽しい	1	1
それより日曜久々に友達に会うから楽しみ?何着てこ	1	0
青系のアウターってめっちゃ可愛い	1	2
タイムセールは闇だ	1	1
A賞延期なのね	1	1
延期でもなんでもにゅい達の姿が見れるならいいじゃない	1	0
身近っていってもめちゃめちゃ距離はあるけど同じ空間にいれるってだけだけどね。でもそれでも最高に幸せなのよ	1	3
眠すぎてお昼も夜も食べずに爆睡してた	1	1
別れてからもうすぐ2年でやっと今の精神状態になれた…長かったけど学びは多かったな	1	2
私がして許されないことを妹がしたら許されるのは多分日頃の行いの差なんだろうな	1	1
お花とか飾りたいな	1	1
めちゃくちゃ可愛いお花の着せ替えを見つけてしまった	1	2
自己肯定感が低すぎて思ってること溜め込んで人に伝えなかったせいで都合の良い人になってるんだろうな	1	1
オンリーミネラルのパウダー気になる	1	2
なんかいいカラコンないかなー	1	1
深夜の非通知ほど怖いものはない	1	1
シャンプーどれがいいのかお試しサイズで毎日過ごしてるんだけど毎日違うから楽しい	1	1
やらかしたーーー	1	1
最近のガキは順番も守らんのか	1	1
結構お腹痛いから早く電車着いて…	1	1
先生に怒られたので学級委員やめたいです。	1	1
美容師さん、結婚するんだって	1	1
今日多分まともに人と喋れないわ	1	1
ショックのあまり、体調崩して午前で早退した。 みんな元気かな…	1	1
これで本当に、結婚してしまったんだね…	1	1
ダイエット初日にしてもうやめたい	1	1
龍拳先輩のストーリーにいよが写ってて感動	1	2
勝手な偏見(メンズ編) 星陵→ナリヤン 富士見→シンプルにヤリ〇ン 市立→イケメンだがヤリ〇ン 宮北→イケメン 富士東→イケメンだがナルシ 富士高→メガネ 飛龍→9.5割ヤリ〇ン 宮東→芋	1	1
非リアイケメンは性格難ってわけじゃなくて ずっとモテていたいから彼女を作らないのでストックが5?10いると予想 つまり狙っても無駄だよ	1	1
てか、昨日の頭ぽんぽんはなに	1	2
色々な事情により アカウント名がEYOからimoにかわりました	1	1
新しいバイト先のメンズがめちゃくちゃイケメンで、36歳なんだけど 「いよちゃん17歳なの？じゃあ、俺のことはパパって呼んでね」 って言ってきて なんか、ドキドキしちゃった/// パパ活したい	1	1
貧乏臭いヤツがBALENCIAGA履いても何もかっこよくないんですけど？ なんか、安っぽく見えるよﾌﾟﾌﾟﾌﾟ あ、GUCCIのキャップも同じな 学校で例えると、 吉原工業と飛龍あたり	1	1
たかゆきさんが 長い方が可愛いよ って言ったから切らない！	1	0
奥さんの話すんな	1	1
告白された。	1	2
ヨルシカとワンオク好きなメンズ 大体浮気性	1	1
トーストしたいけど、レンジでどうやってパン焼けるの？？	1	1
犬のためにまた引越しw	1	1
Break Jam 入ったはいいけど。MANAMISORAのダンスと全然違うし、ピリピリしてて何も楽しくない・・・	1	1
どうしよう、なんのやる気も出ない	1	1
星陵の2年生修学旅行可哀想だな もう少し遠くに行ってあげればいいのに	1	1
ダンスやめようかな。	1	1
ダンスは好きだけど、自分が望んでたサークルじゃないというか…	1	1
スタバも人が嫌で、勝手にやめまーすって言って放置しちゃったし、最悪だな。	1	1
オススメのバイト教えて	1	1
みんな東京か静岡に住んでるから、神奈川県民の私はひとりぼっち	1	1
せっかくいい大学入っても、何も充実してないのはコロナのせいだ！ コロナ鬱	1	1
ディズニーシー行きたいな。誰か私にご褒美下さい。	1	2
暇すぎて元彼ランキング付けてる。	1	1
頭痛い	1	1
コロナがあるから、無理に出席する必要ないみたいに言ってたのに欠席するなっておかしいだろ	1	1
しんどすぎるんだけど。	1	1
もう辞めたいなと思ってた頃に、途中で辞めるなとか。	1	1
明らかレベル高いくせに、全然余裕だよねみたいな雰囲気出すあのイソギンチャクみたいな頭のやつ死ね	1	1
てか、佐野こうせいラッパーになったってまじ？？	1	1
なんでダンスやってるやつってみんなイソギンチャクなの	1	1
富士川もゴミの掃き溜めだな。	1	1
呼吸するだけで金貰える美女になりたいもんだね	1	1
地球おはよう	1	2
まだここの家3ヶ月くらいしかまともに住んでないのに、、。 そして、湘南が住みやすすぎて今の家から歩いて10分程度のとこに引っ越すっていうねw	1	0
インスタ新しく作り直そうかな	1	1
心機一転	1	1
これから、ダンスだ。頑張らなきゃ	1	2
バイトと新居が決まったから今日はついてるぞ。	1	2
こう見えて母も父もギャンブラーなので、私もパチンコの血筋が流れてたりして（笑）	1	1
もう秋だってのに、暑くて汗かいてるの私だけ？	1	1
ガリガリになりたい。整形費ください。整形費。	1	1
ダンス1年で私だけ1番前で踊れることになった！ 人生いいこともあるもんだ	1	1
今日は帰ったらシチュー！	1	0
julidyのパーカー欲しいな	1	2
juliaちゃんからインスタメッセージきた！ なに、今日 死ぬの？？	1	0
つかれた	1	1
地球おはようございます	1	1
しばさんのダンス取ればよかったな。	1	1
勢いで散財したのを今起きて思い出した	1	1
タイガーシャークみたいに、アンチから認められたい	1	1
ダンスそんなうまくないと思ってたけど、私って結構うまいんだね。	1	0
マツエクもしたいな	1	1
美容院2ヶ月行ってないから、ギャルみたいな髪色になってるわ	1	1
誕生日サプライズとかされてみたかったな	1	1
いつになったら、ライブとか行けるの？？	1	1
というか、私のために歌ってほしい	1	1
フェス行きたいな	1	1
邦ロック好きな人ってあんまりいないんだね	1	1
履歴書書いた	1	1
サッカー部　大体ラップ好き	1	1
ラップが好きっていうか、ラップ好きな自分に酔ってない？？あの人たち	1	1
いつからそんな俺イケてるみたいな性格出てくんだろう、	1	1
ティックトックでバズってチヤホヤされたい人生だったな	1	1
diorのクリスマスコフレほしい	1	1
新居でjcom使いたかったな	1	1
早く犬と住みたいよ	1	1
明日の面接頑張ろ。	1	1
ニキビが増えた	1	1
化粧する機会も減ったのに肌荒れしてるの最悪じゃんね	1	1
みんな湘南に住めばいいのに。いい場所だよほんと	1	1
引越しも少し面倒だし、大変だな、	1	1
友達もっとほしいな	1	1
法学部なのに生物2つも取ってるよ	1	1
理系に進めばよかったかな	1	1
わーーディズニーシー行きたいよーー	1	1
前澤社長の秘書でもやりてえ	1	1
地球のみんな愛してる	1	0
課題が終わらん	1	1
やってもやっても課題が出てくるし、やる気のなさが重なるとたまる一方	1	1
大学生のつらい日常をお送りしています。	1	1
トレンドに生理用品ってワードが入るのどうかしてる。気持ち悪い	1	1
今日リモラブか	1	2
レモンさんって結局あの浮気男でしょ？	1	1
掃除機かけても又落ちるんですけど	1	1
白い床って髪の毛が目立つから掃除が大変だよね	1	1
というか、みんなこんなに髪って抜けるもんなの？	1	1
Go Toトラベルどうやって使うの？	1	1
もう少し晴れないかな	1	1
星野リゾートの5万円チケットもらったけどGo Toトラベルと併用できるの？	1	1
そもそもワンちゃんどうしよう	1	1
島根に行くか、軽井沢に行くか	1	2
今日はちょっと寒いから鍋にしよっと。	1	2
地震こわ	1	1
あれ、窓閉めたっけ。おじさんの声がするw	1	1
暗くなるの早くなったな	1	1
おはよう	1	2
家にノリがなかったからコンビニで買わなきゃ	1	1
今日は１５時から面接だ、緊張する	1	1
Ariana新曲出たね。	1	0
夜はピザ食べに行くから頑張ろっと。	1	2
おひるごはん何にしよう	1	1
というか、今日めっちゃ暑くない？	1	1
もうすぐ面接だ。どうしよう。	1	1
一人でアニメ見てオタクみたいな生活してる。	1	1
掃除しても掃除してもほこりが舞う	1	1
ルンバ欲しいな。この掃除機エンドレス地獄から抜け出したいよ。	1	1
この素晴らしい人材を逃してもっと悲しめ	1	1
しっかり体を引き締めてもらわないとねって言われた	1	1
セクハラじじい！	1	1
その発言はゴミだ	1	1
バイトの面接怖かったんですけど	1	1
2万8千円のパンツ買って嘆いてる、、	1	1
膝が痒い	1	1
ちゃんと働かなきゃ、	1	1
在宅ワークだけってちょっと無理があるよね。	1	1
私は、かわいいぞ！	1	0
私は全てのことでうまくいっている！	1	2
自己肯定感上げてかないとやってられないよね	1	2
新しい服買ったら、バイトもしてない人がどこにそんな金があるんだかって彼に言われた	1	1
正論かもしれないけど、まずは可愛いって言うとこじゃないの？	1	1
それ伝えたら、それはお前も同じだって	1	1
前に思ったことがあったらすぐに言うようにしよって言われたからいったのに	1	1
そして何か小さいことがあったらすぐ機嫌悪くなる	1	1
言えば言ったで、怒るし反撃してくるじゃん	1	1
私のように受け止める姿勢も持ってくれよ	1	1
なんでやねん	1	1
合わないとか言われたら、私もしんどいんですけど、	1	1
気持ちいい散財だった	1	2
だって買い物って楽しいよね	1	2
自分がボルテックスに入るためには必要なことだと思うもん	1	0
今日のお昼何にしよう	1	1
静岡と湘南ってこんなに気温が違うんだね。	1	1
そもそも結婚してたこと知らなかったな	1	1
平野ノラ妊娠だってよ	1	1
伊藤健太郎が捕まっちゃったら今日から俺はの劇場版見れなくなっちゃうってこと？	1	1
支持者多いだろうから戻ってきてほしいな	1	1
容疑者扱いはかわいそう。	1	1
沢尻エリカなんて女優で一番演技うまいし好きだったのに、麻薬で逮捕はつらい。	1	1
ワサビ風	1	1
今日は寒くて吸った空気が鼻にツーンとする	1	1
LUSHのお風呂気持ちかった	1	1
バスボムキラキラしてた	1	2
泡風呂も試したいな	1	2
今日は家にこっこが来る	1	0
ウーバーイーツしちゃおうかな	1	0
私がそんなに可愛くないから、別にどうでもいいんだ	1	1
私に魅力がないから、	1	1
どんなに良い服買おうが、なんとも思わないんだよ	1	1
犬には可愛いって言うのにな。おかしいな。	1	1
着てる人がだめだから	1	1
金無くなるし、愛情持ってかれるし、草	1	1
世間はハロウィンで肌出して仮装してるけど、私もいいなって思う。	1	1
大して可愛くない癖に私モデル気取りで恥ずかし、	1	1
絶対ダメって言われるから出来ないけど	1	1
涙が出て来ちゃった。	1	1
犬もかえて幸せなはずなのに	1	1
夕飯どうしよう	1	1
リラックマのキャラ弁懐かし	1	2
晴れないかな	1	1
ラムとニコは元気だな	1	1
首輪かみかみしてる	1	3
神奈川と静岡の気温差で体調崩しがちだよね	1	1
大学、文化祭無くなっちゃったし、今日はせっかくの休みだけど暇	1	1
ダンスの練習しなきゃ	1	1
セカストってあんまりお金にならないんだね	1	1
犬が可愛くて仕方ないなあ	1	2
バイトどうしよう。	1	1
制服ディズニーしたいな	1	1
スタバに戻りたい気持ちもあるけど	1	1
多分採用だけど、、、	1	1
髪色とメイク厳しいのはな、	1	1
家事とかも、しっかりできないとやっぱだめなのか	1	1
美味しいご飯が作れるようになりたい	1	1
2か月で4キロ痩せるのって可能？	1	1
お金が欲しいな	1	1
静岡に比べて求人が少ないよね。車持ってないし	1	1
働くことが生きがいなのに、働いてないから罪悪感	1	1
はやくお散歩したいなあ	1	1
まだガルパやってる人いる？	1	1
ワクチン終わって来週はトリミングか	1	1
塩分って摂りすぎたらいけないんだよね	1	1
辛いもの食べすぎて太った気がする	1	1
良かったと思うのは、甘いものがたくさん食べられないとこ	1	1
アンミカのテレビショッピングみたいなの、むかつく	1	1
おしっこ早く覚えてくれ	1	1
犬二匹、唐揚げと竜田揚げみたいな色してる	1	1
ソファーの下、狭い中二人寄り添っててかわいい	1	1
引き離すのかわいそうになってきちゃうよね	1	1
引っ越しの家具みるの楽しい	1	3
呼んでもぜんぜん来てくれないやん	1	1
実家に帰ってくると、より静かに感じるね	1	1
明日は晴れるかな	1	1
イソギンチャク許せん！！	1	1
よし。起きれた。パソコンに向かおう。	1	0
先週休んだから行かなきゃと思って慌ててゼミへ行って扉開けたら、3年生がいた。そういえば、ゼミ5限だった。恥ずかしい。帰宅。	1	1
２日病人とともにゴロゴロしてたから、スイッチ入れてやることやらなきゃだけど、1人でもゴロゴロしてしまう。	1	1
安堵と嬉さで泣きそう。	1	1
助成金通ってたし、無地の袴予約できたし、ライブも行けるし、ヨーグリーナ買えたし、K2に2日連続会えたし、とてもとてもいい日でした。	1	1
もう、蚊の季節だーーー！かゆいかゆいかゆい！	1	1
Mステ見てびっくり！なに歌うんだろーーー！！	1	0
差別的な考え方をするところが本当に嫌！！どこに就職してもメリットデメリット沢山あるのに！	1	1
めっちゃ綺麗やった。（；＿；）	1	1
自分教採受けないのに何故か緊張してる。頑張ってた小学校や特支組のみんなが無事に終わりますように。	1	1
いっつもこうやって何かしらぬけ落ちてて悲しくなる。(°_°)	1	1
どきどきする！どんな高校生たちだろう！実習じゃないのに、先生みるとやたら背筋伸びる。	1	0
眼科変わっててすごくショック。好きだったのにーーーーー残念。	1	1
りんごのピアス出てきたーーーーー！！ってルンルンで学校いったけど、いろいろ忘れて家に戻るやつ。浮かれてる場合じゃなかった。	1	0
東京、宮崎よりあつい。むしむしする。	1	1
たくさん遊んだから今日から本気で勉強しよう。	1	0
お盆中大学って空いてるのかな(°_°)	1	1
今日、下関と門司港の花火大会か！いいないいなぁ?	1	1
こんな時間になぜか白玉作り始めて食べる。\nなんか今日は恐怖だらけだった。（笑）	1	1
追いつかない！どうしよう！3年間ぽけーっとしてたツケが回ってきた感じ。(°_°)英語も歴史もさようなら。	1	1
今週終わったら旅行だ！\n旅行の前にやらなきゃいけないこと沢山だ?(°_°)	1	0
あーーーーー。無理！	1	1
いのちのたびいのちのたび！！子どもたくさんいる！	1	0
ご飯食べて学校行こう行こうと思ってもうこの時間。ご飯食べてないけどとりあえず学校ゆく。今日も学校17時までなのかなー。	1	1
だれだ！いきなりバイトいけないとか言ったひと！土曜日9時半出勤の、1日になったじゃん。吐きそう。	1	1
風の音で起きた(°_°)家揺れてるびっくり。	1	1
はれてる！！シールもらわなきゃ！	1	2
あと半年のうちに、実習やって、職決めて、卒論書かんといかん。やること多いよー！もっと学生でいたいよー！！明日から9月だー(°_°)	1	1
久々に来た！とまとらーめん！	1	2
明日は絶対早起きする。	1	1
パソコン持ってこなかったわたしが馬鹿でしたーでも妹いてよかった（笑）パソコン借りに市内。	1	1
実習と試験終わったら髪の毛染める。染める染める染める。明日から早起きがんばろう。	1	1
高校生に負けじと、自転車降りずに美人坂登った。まだまだいける22。（笑）	1	0
いつも思うけど、日誌に特化した書きやすいボールペンが欲しい。（笑）	1	1
なんか、毛虫に刺されたかなんかで、左手全体に発疹。実習6回目にして初だわ(°_°)。毛虫注意。（笑）	1	1
明日もお昼まで実習だー。明日土曜日でゆっくり寝れると思ったのになぁ。	1	1
研究保育終わったー勉強になったー！園によっていろいろだなぁ。明日までがんばろ！	1	0
鹿児島行く人ってみんなこんな早くから行くの！(°_°)カップル多い！みんな早起きー！！(°_°)	1	1
伝統の8月踊り?！たのしい！！	1	0
パッションフルーツのジェラートおいしい！！！たねいり！！	1	1
長崎も暑かった?。物欲ありすぎて何か買ってしまいそう！	1	2
福山雅治結婚したの(°_°)(°_°)(°_°)！	1	1
テレビに速報出てきてびっくりした(°_°)！	1	1
誰か納豆チャーハン食べてるのかな。廊下が納豆くさい（笑）	1	1
四年目にして初屋台！たのしい！これで英語ができたら更にたのしいだろうなー！	1	1
大吉さんにあったーーーーーー！！！！うれしい！	1	1
びっくりしたー！！大吉さんめっちゃかっこよかった！！	1	1
え。ツタヤ図書館、延岡にもできる予定なの。(°_°)！	1	0
いい年した大人がなんだかな?	1	1
焼き鳥食べたい（；＿；）	1	1
卒論やる気満々だったのに、、	1	1
テッド2面白かった！からのすけさんのおでん。なぜか、すけさんのおでん食べると学祭を思い出す。学祭の季節だなぁ。	1	1
忘れた頃にやってくる恐怖。怖い。(°_°)	1	1
ただいま宮崎！妹に迎えに来てもらってるんだけど、遅い。大丈夫かな、こわいな、（笑）	1	0
あと残るは今週のキャンプと卒論。がんばろ?	1	1
アッシュ！アッシュ！^o^髪の毛染める?前髪切る?気分上げて明日のキャンプに臨む。卒論もかく。	1	0
風邪なのに異常にケーキ食べたくて買ったら、落とした。（笑）中身大丈夫でありますように。	1	1
久々にプロのオーケストラの演奏聴いてたら、フルート吹きたくなった！あんな綺麗な音出せたら気持ちいいだろうなぁ?なんて思いながらドア引きして、バイトおしまい！^o^バイトもして演奏も聴けるなんて今日は良い日！?	1	1
ねれないーーー。	1	1
福岡マラソン今日だったの?めっちゃ混んでる(°_°)！！	1	1
なんか変な夢見た?絶対昨日のサイレーンの影響（笑）さぁバイトがんばろ?	1	1
明日不安要素盛りだくさん。大丈夫かなー。	1	1
クリニークのリップ良かったな?お母さんが使わなかったらもらおっと。（笑）	1	0
でも、こんなに綺麗な星をカメラで撮って伝えられないのがザンネン。肉眼でみたらすっごく綺麗なのにな?	1	1
胃がムカムカする。食べすぎた?	1	1
なんで喧嘩するのかな?せっかくの旅行だったのにな?反省。	1	1
昨日買った洋服きたらテンション上がった！！あと靴とコートがあれば、、、、昨日の水色コートが頭から離れない（笑）	1	1
年賀状作り始めて１時間。まだ一枚もできてない。	1	1
毎年思うけど、あのぬいぐるみ欲しい?	1	1
宮崎気温20度?あつい！	1	1
バスにいるちっちゃい姉妹めっちゃかわいい（笑）バスのトイレの中で2人で熱唱してる（笑）	1	1
おなかへった。	1	1
2日間デル勤務?恒例のお腹痛くなる現象。でも今日明日でバイト終わりだから頑張らねば！	1	1
明日の司書やばい！(°_°)でもなんとかなる気がするのがいつもの悪いくせ！	1	1
毎日誰かと夜ごはん一緒に食べて、テレビを見てる！！福岡にいるのもあと1ヶ月切ったから、毎日楽しまなきゃ！\n今日も楽しかった?！	1	1
博多座！放浪記！博多座くると、4人でレミゼ観に行ったの思い出す。もうあれから3年とか早すぎ！	1	0
スケジュール帳見たらあと引っ越しまで日がないのに気づいて、泣きそうになった。テストなんてポイして毎日遊びたい！！！	1	1
誰か雪のなか、本城の先の方まで一緒に歩いてくれる人おらんかな?いないよな?。\n明日休講になればどうでも良いのだけど！	1	1
意外とポスター終わらない。(°_°)	1	1
クラス決まった?教科書開いて勉強しなきゃー。やること多い！不安！でもちょっと楽しみ！	1	0
美容室何ヶ月ぶりとかで、なんかおしゃれすぎるし、緊張する(°_°)！	1	1
いい色！	1	2
あしたが思いやられる。でも最後。成功しても失敗しても最後。さいご！！！！終われば本当の春休みが2週間だけ待ってる！！	1	1
卵雑炊が食べたい。明日はこの髪色で大丈夫か心配。明日で村の人に会うの最後かな?とか思ったら寂しいな?。	1	1
沖縄寒すぎる！！！(°_°)	1	1
おわらない?たいへんだ！！！！あと2時間で終わるのかこれは！	1	1
飲みに付き合ってくれる妹がいて今日1日楽しく終われましたとさ！さて明日がゆっくりできる最終日！なにしよう！	1	1
いよいよ明日から！がんばるぞー！	1	1
月9見れないとか辛い。なんで表も裏もサスペンスみたいなのやってんの(°_°)！	1	1
1日は早いのに、1週間は何故だか長い。まだ木曜日。あと、金土！！そしたらお休みがくる！！	1	1
やすみだー！！！！！	1	1
明日、しおり！明日、しおり！！早番だけどがんばる！！！	1	1
あと1週間！！！あと1週間で福岡?がんばろー！	1	0
園だより書けない！！！文章力ない?（；＿；）	1	1
あと3日！あとみっか！！！がんばれる！！！！	1	0
あと２日！！！がんばるがんばれる！福岡行く前に全部済ませる！！お便りも年間も月案も！！！	1	0
しゅわしゅわがのみたい?	1	1
一時間待ってもこない！！ガス会社なんなの！！急いで帰ってきたのに?時間守らないひときらい！！！\nなんか食べ物でも持ってきたら許そう。	1	1
この忙しさから抜け出せる日はいつかくるのかっていうくらい忙しい。がんばろがんばろがんばろ！！！！まだ火曜日！！！	1	1
ズーンときた本日！のみいきたい！おもいっきりのみたい！そんな衝動に駆られている社会人２日目。	1	1
イロイロザンネン。	1	1
今週はあと２日！さあ頑張ろう！	1	0
明日初めての土日休み！^o^	1	0
図書館来た?1日中いれそう！暇になったらここにこよっと。絵本借りて、保育園行く。	1	0
先生が優しすぎて涙が出る。頑張ろう。	1	0
今週参観日！！！がんばる！！とりあえず今日を乗り越える！	1	1
結構揺れた。	1	1
明日参観日、あしたさんかんび、アシタサンカンビ。	1	1
参観日。ほっとしたのもつかの間、地震警報がなって園庭に避難。なんか色々ずっしりきたー。	1	1
先生とお腹痛くなるくらい笑った！楽しかった?ちょっと頑張れそう！	1	1
反省の毎日！このやろーうと思う毎日！明日も子どもたちのためにがんばる！！！今週土日おやすみ！！	1	0
普通〇〇でしょ！って言われるの苦手。普通の基準は人それぞれです！！	1	1
今日中に仕事終わらせて明日はゆっくりすると決めてる！！！家じゃできないからタリーズに来た?がんばるぞ?	1	0
なにも片付いてない！とてもとても汚い！片付け開始！	1	1
お父さんの家快適?もの少ない?\n福岡すみたーい！	1	2
かまじいにいわれた言葉がふとよぎった?まじでがんばるこの一年！なんだかやる気が湧いてきた。偉大。（笑）	1	0
時計の案でてこない?まだ5月。この先の製作が思いやられる（；＿；）	1	1
なににもやる気が起きない?でもやることいっぱいある?	1	1
初任研申し込み遅れて、キャンセル待ちでキャンセル出なかったからなしって、、え？そんなことってあるの(°_°)？笑 初任研って一生に一度しかないよね？それしなくて大丈夫やと（笑）	1	1
今日日向灘の地震起きるっていう予言があったらしく、まさかの合同保育だった。なんの予言？？\nなんもそんな情報は入ってきてないんだけど（笑）	1	1
子どもを惹きつけるのって難しい。（；＿；）	1	1
夜眠くないくらい今日は思い切り寝た！さぁ仕事するぞー！！	1	0
久しぶりの土曜日休み！！朝から怒られて泣けたけど、なんとか休みがきた！！	1	0
１つのことを何度怒られればいいんですか（笑）終わったと思ったら全体職員会でもいわれ、\nほんと色んな人に言わないと気が済まないんだろうな?ぐちぐちな感じがほんと嫌だーーー！！！	1	1
誰かやる気スイッチおしてほしい（；＿；）	1	1
えれこっちゃ出るらしい?祭りのことなんて頭の隅にもなかった。	1	1
ハリポタみいってしまった。帰ってきてから何も終わってない（笑）	1	1
明日もお休みだったらいいのにな?	1	1
観たら、背筋ピンってなった！明日からまた頑張って仕事するぞ?！！	1	1
プロフェッショナル、保育士だー！	1	0
なんで毎月月末こんなに忙しいのだろう。今日ねれない（笑）	1	1
朝から荷物届いて良い休日の始まり！出かけよ?	1	0
なんかすごく疲れた。	1	1
久しぶりの2連休。明日平日休み！！	1	1
８月の3連休もいきなりなくなって、もうがんばれない。飛行機キャンセルだしいろいろキャンセルだし、\n公休の１日すら希望通りいかないんですか！なみだでる?	1	1
あードキドキ。子どもたちが思い切り楽しめるように！それだけを考えて今日はいってくる。	1	1
ねれない（笑）でもあした乗り切れば夜はK2！！！	1	1
土日楽しかったな?！頑張った後には楽しいことが待ってる！また夏のために仕事頑張る。勉強頑張る。	1	0
完全に忘れてた。あー明日休日でよかった。	1	1
鼻からカメラ入られた。気持ち悪かった?もっと早く来たらよかった??声戻りますように。	1	1
休日あっという間（；＿；）1日じゃ足りない。	1	1
えれこっちゃあつかったー。いまからジャズナイト！バス遅れてる?福岡みたいに電子黒板あったらいいのに不便。	1	1
みんなでお祭り行きたい??	1	1
お父さんの話聞いてたら、わたしの仕事量なんて大したことないなと思った。まだまだだな?がんばろう！	1	1
虫刺されスプレーでこんなに疲れるとは。虫刺されスプレーに負けた（笑）保護者対応大変で涙が出る！！	1	1
パッションフルーツ痛んでなかった?おいしかった?！	1	0
蚊に刺されまくって、おきた。	1	1
あと5日ーーーーー！	1	2
眠たすぎる?今週、早上がり2回もあるからがんばろう！	1	1
ここ一番の衝撃だったびっくり。こんなこともあるんだな?	1	1
あめ！！！あめ（；＿；）鎌倉行く予定だったけど中止なける。	1	1
コニカミノルケルタプラネタリウム心地よかった?アロマいい匂いすぎた?	1	0
宮崎帰ってきた?一気に現実。	1	1
久しぶりに早番でこの時間に家帰ってきてる?幸せ??	1	1
８月あっというま！！もう９月?運動会に発表会に造形展がやってくる?	1	1
台風（；＿；）（；＿；）（；＿；）	1	1
今日、災難な１日だった。	1	1
めっちゃ寝てた。びっくり。	1	1
パラリンピックあしたからー！！！	1	0
瀬戸内国際芸術祭行ってみたいな?	1	1
今日は家をきれいにする日！！と決めて、せっせと掃除！天気良かったら布団も干したかった。	1	1
夏服きてないのにもう秋。なける。	1	1
台風でねれない。風強すぎ。そして気圧のおかげで耳も痛い。	1	1
ねむたい！都城まで運転して帰るぞー！	1	2
実家、ブレーカー落ちてるし、あげても電気つかないしで、懐中電灯生活。台風でシャッターもおろしてるから真っ暗（；＿；）	1	1
ラーメン食べてかえる！！今度こそ遊びに福岡くるぞー。	1	0
初めて点滴するやだ（；＿；）（；＿；）	1	1
たにぞうさんの研修会楽しかった??つかれた??	1	0
月案きえてた。なける（；＿；）	1	1
髪の毛切ろうかな?バサっと！	1	1
ピアノ弾きたいなーってなる。ただのテレビの影響。（笑）	1	1
予行練、、園長の威圧がすごすぎてピリピリしすぎてつかれた?（；＿；）	1	1
9時半出勤。朝ゆっくり。幸せ（；＿；）	1	0
明日の運動会はアンパンマンの絵本とラムネでのりきる！！！（笑）	1	1
と思ったら最後の最後でやらかした。家の鍵を保育園に忘れるミス。	1	1
全身筋肉痛。つらい、、（笑）	1	1
親子製作の案が思いつかない思いつかない思いつかない！	1	1
計画性のなさが、ついに自分の首しめはじめてきた！今日ねれないぞこれは！！！	1	1
楽しい休日だった！仕事してるからできることだ！明日から気持ち切り替えて頑張ろ?	1	3
誕生会。担当。10月の誕生者多すぎる??心臓飛び出そう。	1	1
この時間に上がれるのめっちゃ嬉しい。	1	1
家計簿最近サボりっぱなしだった。ちゃんとつけよー。	1	1
さむい！鍋パしたい?みんなで鍋囲んでわいわいしたい?	1	1
すること多い！すること多い！！することがとても多い！！！！！行事行事毎週行事！！ワークライフバランスかー	1	1
なんだかんだ母は偉大。	1	1
造形展と参観日おわった??次、発表会！	1	1
倒れるように寝た?たくさん寝れたから日曜にしては早起き！部屋の片付けからしよ??！	1	0
今日で長い髪の毛さよなら??面接前だけど切ってしまおう！！	1	1
ひとつ終わったらひとつやってくる行事。発表会、なかなかやばい。	1	1
衣装が??（；＿；）ミシン欲しい。ラミネーターほしい。いろいろ間に合わない！！！	1	1
３１日休みになった??！！！うれしい！！！	1	1
さむいー！！あと三日頑張ろう！	1	1
寒すぎて帰って着てから全然動いてない。	1	1
こたつ出して完全動けなくなった。（笑）仕事しなきゃ?	1	1
今日以上児だ??しかも遅番。土曜日飛ばされまくってもうここ3ヶ月くらい自分のクラスに入ってない（；＿；）	1	1
資さんのおでんが食べたい（；＿；）！	1	1
12月3連休確定！！！嬉しい嬉しい嬉しい！！！今回はそのままそのまま、、お休みがきますように。	1	1
師走だーーーー！がんばろーう。	1	1
しっかりしなきゃ?やることたくさんあるから頑張らねば！今日も以上児。ぽいっとなげられてあとはやってだから恐怖。	1	1
でもぜーんぶ終わった一週間とちょっと後は東京！その時にはストレスフリーになってるはず！かぜなおす！	1	0
なんで大きいさんは仕事頼めて、小さいさんは仕事持ち帰らないといけないのかわかんない！どうしてー！	1	1
発表会ドキドキ	1	1
発表会終わって、ご飯食べてまだ2時半！すてき！久しぶりに作り物に追われてない??	1	1
今日が山。しっかり伝わるように言えるかなー、胃が痛い（；＿；）	1	1
ぜんぜんメダル案できない?	1	1
年賀状おわんない（笑）	1	1
3日間休みなのほんと幸せ?ゆっくり?	1	1
今日は思い切り片付けをしよう！	1	1
お腹いっぱい！たのしかった！	1	0
髪の毛切った?！染めたかったけど断念。今度染めよ?	1	1
このショートヘアをいかにアレンジするか考えてる。んー。	1	1
染めてる人はシラミうつらないっていう話題になり。これは髪の毛を染めるに絶好のチャンス！！ってただただ思った。\nふふふ。ほぼ一年ぶり！セルフカラ?	1	0
星きれい?一眼レフほしい?	1	1
腰が重た?い！さ、仕事始め。頑張ってこよう。	1	1
鍵間違って持って帰って来ちゃったし、楽しいことの前後になにかいつもやらかす。	1	1
なんだろな?	1	1
連休明けきつい?（；＿；）	1	1
実家に自分のもの入れるスペースなくて必死に掃除と分別。子ども部屋を4月からちゃんと仕事できる部屋にしなければ。	1	1
ぼーっとご飯食べながらテレビ見てたら、栗木先生出てきてびっくりした（笑）全然変わってない（笑）	1	1
冷え性なのに裸足保育。めっちゃ足の指しもやけだらけで痛い（；＿；）！	1	1
主任の先生が意地悪すぎてわろた。（笑）試し行動多すぎ、ずっと試されてる。	1	1
明日マラソン大会終わったら温泉行く、岩盤浴も行く。きめた。	1	1
おふろと岩盤浴、リフレッシュできた?！早く気づけばよかった！	1	1
早く二月のシフト出して欲しい?何もきめられないよ?あと二日で二月だよ?	1	1
え！めっちゃ怖い！どうしよう！！あと2ヶ月あと2ヶ月！がんばるがんばるがんばる。	1	1
２月！がんばろー	1	0
髪の毛切って、そめて！すごく気持ちが上がった！！まみにも会えて嬉しかった?さぁ買い物するぞー！！！	1	1
思った以上にストレス発散できた?明日からがんばろー！	1	1
リフレッシュ！久しぶりのなな楽しかった?嬉しかった?夜ご飯なに食べようかなー！	1	1
9時半出勤三連勤。あしたでおわり！！！今週ずっと遅い。けど来週は早く帰れる日多いからがんばるー！！！	1	3
寝ようと布団に入ったところで、めっちゃゆれたよね、ねれないよね。日向灘だってこわい。	1	1
今からお弁当の準備ー！\n今月で最後！だからちゃんと作ろう（笑）	1	0
卒園式、何着よう、どうしよう?	1	1
久しぶりに怒り爆発しそう！ほんと中学生！	1	1
あと三週間後三週間。	1	1
無事に空港着いたー。おかげさまで東京に行ってたの先生にバレたけどまぁいいや！	1	1
どたばたの最終日。泣き疲れた?よいお母さんばかりで本当にうれしかったなぁ。なんか実感わかない、	1	3
ひとりぐらししたいーーーーー！！！！！（実家暮らし2日目）	1	1
実家ぐらしになってから仕事やる気スイッチがますますつかなくなってる！！やっぱり一人暮らしだな?	1	1
夏フェス行きたい?	1	1
こんな時間まで爆睡してた、	1	1
最初は2歳児と言われたのに、次は1.2歳児担当と言われ、6月から2.3歳児合同保育するから担当と言われ、\n私はいったい何歳児の担任なんだ、	1	1
どんなに早く始めても、結局この時間まで終わらない週案。	1	1
ちょっとゆっくり出勤。がんばろ?	1	2
明日お休みだー！	1	1
せっかくの休みなのに病院行って潰れた。	1	1
1日だけでもいいから希望休出したい。みんな休みたい日を書くシステムだったらいいのに。\n休みたい日がある人だけ書くんじゃ出しにくすぎる。	1	1
アルバムの写真のサイズ間違えた?、休日出勤確定だ。	1	1
研修で前の職場の先生にあったけど、めっちゃ顔がこけてた。本気で今の職につけてよかったと思った1日でした。\n明日からまた仕事がんばろ?	1	2
ジムは無理だから、ヨガ始める！	1	1
保育士、社会人枠でてる！！！	1	0
ひさしぶりに憂鬱な出勤。がんばろう、	1	1
運動会の曲、おもいつかん。三曲も候補だすとか、、、	1	1
明日は遅番からの福岡。小・中学生の前で話すなんてどきどきだー！宮崎のお土産ってなにがあるんだろう、\n全く思いつかない。	1	1
遅番からの今から福岡！	1	2
平日お休み最高だ。そして天神。かいものー！！！！！素敵な休日?	1	1
名札忘れたー！これは絶対怒られるやつだ。	1	1
お祭り延期になって暇になった。（笑）	1	2
台風のおかげで耳、違和感。	1	1
みてないクラスの週案.月案書くのめっちゃ時間かかる、正職増やして欲しい?！！！！	1	1
久しぶりに家に1人でなーんにも予定のない暇な土曜日。ただひたすらごろごろ。	1	1
運動会無事にやってきますように。	1	1
SONGS、星野源だ?	1	0
運動会、消防、研修終わって土曜保育して、やっと休みがきた。	1	0
発表会の案、皆無。明日がんばろ、	1	1
おばちゃんにふりまわされて、つかれた。	1	1
発表会の衣装探しで1日つぶれた。	1	1
ふみから教えてもらったシャンプー早速買って使ったらさらっさら！髪の毛伸びますように！！	1	1
年末を楽しみにこの一週間をのりきる。あーやることいっぱいがんばろう！	1	0
鹿児島めっちゃ混んでる\n東京相当だなきっと、	1	1
仕事あとみっか！！！！！！	1	0
あーもうお正月あけるーーーー（；＿；）！	1	1
どこか早朝から髪の毛してくれるところないかなぁ?	1	1
普通普通っていわれるのほんと無理！！！ふつうってなんなんだろうね。\n人それぞれ違うのに押し付けないで?	1	1
奄美寒すぎる。	1	1
今週も長い、来週も長い。	1	1
土日楽しかった?	1	0
久しぶりの水曜やすみ?真ん中の休みが1番うれしい！！	1	0
GWたのしすぎて、帰ってきてからの現実?次の旅行のために頑張るしかない！！	1	1
やる気起きず一日中ぼーっとしてて何も進まず。笑	1	1
おさけ！！！ってなってめっちゃ買って帰った。明日早番だけど知らない！！！昨日ちょっと反抗したら、\n反撃された！！育児経験語られたら何もいえんよね笑さらに腹立つよね笑笑	1	1
家でも仕事。夢でも仕事。夏祭り準備！夏祭りが終わったら運動会！が終わったら発表会！準備エンドレス！！！	1	1
去年と今年の差！おやすみもちゃんととれて嬉しい。	1	0
やっとできた！！！！！！！！なんとかなった?明日の部会こわい。	1	0
何に使うのかわからない調味料と、掃除道具がたくさんあって戸惑う、、	1	1
ネットの配線工事？で来てるお兄さんたち、びっくりするくらい声が大き過ぎて私語多すぎてうるさい、、、、	1	1
いい天気?梅雨前に布団干したりシーツ洗ったりしてみた	1	0
来年のロッキンの倍率すごそう、、でも茨城に住んでるんだから行きたいいいい。来年こそは応募する。	1	1
あっっっつい。早めに自転車買おう、、	1	1
梅雨の何が嫌って虫が上がってくるのが嫌。	1	1
ということで今から全力で掃除	1	1
都城で感染者、、、、	1	1
資さんのうどんとおでんが食べたい	1	1
本当にどうかみんな無事でありますように	1	1
ゴキブリへの耐性が皆無になってて仕留められない、、、あれは子どもがみんなで見てたからできたんだな、\n子どもパワーすごい、、、なける今日寝れん。	1	1
窓の溝の掃除してたら飛んで部屋の中にはいってきたよね、ゴキちゃん、、、しかも寝室。	1	1
引っ越してきて、秋になって、火が沈むの早すぎてびびる。18時かと思った。	1	1
今日はしくじりまくりの日。大事なことに限って聞き忘れたり、し忘れてたり、、あー！	1	1
田舎こそ、バスがどこ走ってまーすっていう都会のわかりやすい電子掲示板？かなんか取り入れて欲しい、	1	1
花火の音するのに、花火の頭の方しか見えない、、、虚しい?みたい	1	1
運動不足を改善すべく、ウォーキングの日々。\n今日は5キロあるいた。\n燃えろカロリー。	1	1
トムヤムクン風野菜炒めを作った。\n\n野菜と海鮮から思いのほか水分が出てきて、結果いつものトムヤムクンになった。\n\nんまい。	1	1
他人のTwitterを見ると、文章が下手だなあと思う。\nけどいざやってみると、自分の方が下手で、ヘコむ。	1	1
怒りの感情丸出しで話してくる人たちは、なんなんだろう。\n\n「わかってくれない！」とか「相手の取り分まで取ってやろう」みたいなことを考えていそうな、印象を受ける。\n\nそういう人の態度を変えることは出来ないので、関わらないことしか解決方法は無い。	1	1
UNIQLOのパーカーちょっと小さい！\n今年は1サイズ上げて買おう！	1	1
運動しよう！\n\n運動不足の日々が2か月続いたら、すごく体調が悪くなった。\n身体硬いし、腹筋弱ったし、フラフラするし、胃下垂になった。\n\n1週間かけて毎日ウォーキングやら水泳やらするだけで改善してきた。\n\n元気が無い人こそ運動しよう。	1	1
スシロー、すっごく並ぶ。 日曜の12時にスシローは無理があった。 平日14時くらいが正解かな	1	1
昼間はあっつい、夜は寒い。 ビルの中は頭が茹で上がるほどの暖房。 秋の服装は難しい	1	1
自己診断とスキルの見える化が大事。\n\nこれまでの経験を無駄にすると転職市場でアピールしづらい。\n\nサービス系→事務系\n書類も通らないことがある。\n\n何ができる人かがわかりにくいのだろう。\n自己診断とスキルの見える化が大事。	1	1
あずきのチカラ、超優秀！！！\n\nパソコンスマホで疲労しまくった目が、3分×２回でスッキリ。\n\n毎日休憩時間にやろう。	1	1
運送業で実質時給800円って何だよ。しかも業務委託で。身を守る為に、しっかり断らせて頂くことにしました。	1	1
今日買わないお客さんにもある程度、正しい態度を取ることは大事。\n\n次回買ってくれるかもしれないし、そのお客さんの友人にクチコミが伝わるから。\n\n良い評判も、悪い評判も。	1	1
リズムが合うって大切。 ドライブに行った時に、 2カ所くらいの観光地をゆっくり見たい人と 10カ所を軽くジャンジャンまわりたい人がいる。 このリズムが合うと居心地が良いし、仲良くなりやすい。	1	1
UNIQLOとGUで身を固める私。\n\n他の人との差別化は、靴とカバンだけは良いものを身につけること。\n\n金銭的な事情により、スニーカーと1900円のリュックサック利用中である。	1	1
スシロー50分間待って、席開かず。\n\n日曜日の昼間は今後活用せず。\nみんなと同じ行動をして時間を無駄にしてしまった。\n\n私らしく無い動き、反省。	1	1
移動してトンカツ屋さんも満席。\n\n本日は昼ゴハンなし。\n時間を無駄にした。\n\n暮らしは逆張りがコスパ良い。\nもう一度、基本に忠実に。\n\n学び。	1	1
1時間近く無駄に並んだせいで、胃が痛くなった。\nムカムカしてもう食欲が無い。\n何食べても美味しくないだろう。\n\n他の人たちは全く平気な顔。\n\n人によって、ストレスの強度は異なるんだなあ。\n\n誰かがイライラしているときも少し優しくしてあげよう。	1	1
スシローでの待合席で、私は本を読んで待っていた。\n\n他の人はボーっと待っていた。本読み人口は少ないようだ。	1	1
世間の動きに疎い。\n\n特に流行り物を私は知らない。\n\nテレビも自宅に無い。\n\nテレビはテンポが悪く面白くないので興味がない。\n\n仕事の際にコミュニケーションを取る為に、流行り物くらいは知っている必要があるなあ。	1	1
レジに並ぶ時間を、別のコトをやる時間に変えたい。\n\n洗剤など、消耗品は通販の定期便で補充できるようになった。\n\nあとは生鮮食品を通販できるルートを確保すれば、レジに並ぶことから完全に解放される。	1	0
ランチ会を抜けてきたので、歩いて帰ってきた。\n\n1.4km歩いた。\n\nこれだけがランチ会に参加して良かったこと。	1	1
アパートの建物は日々古くなっていくのに、家賃が下がらない。\n\n交渉したものの破談。\n\n空き部屋もあるのに、強気だなあ。\n\nあと3か月くらいで出ていこう。	1	1
魚は山で売る、猪肉は海の近くで売る。\n\n逆張りこそ基本。	1	1
世間は冬のボーナス。\n\nボーナス最後にもらったのって、15年以上前だな。\n\nうらやましい。	1	1
10月も末だというのに、昼間はあっつい！！！	1	1
20代のみんな、選挙に行こう！！！	1	1
「何もしない」海でボーっとするを楽しめない人たちが居るんですよね。\n\n活発な性格なのですね。	1	1
メルカリ国では値下げプロレスをやることがマストだ。	1	1
数年ぶりに日曜日の昼間にスシローに行った。\n\nみんな12時にゴハン食べたいのね。\n\n久々にそういう人たちが居るちてことを、確認できた。	1	1
Yahooニュースって何の役にも立たないな。\n芸能人とかばっかり。	1	1
レンチンした昨晩のゴハン最高！！！\n\n早いし、んまい！	1	0
気をつけててもマウンティングしがち。\n\n友人といる時にカメラが回ってていた。\n\nあとてー見返すと偉そうにウンチク語っている私が写ってた。\n\n顔もドヤってた。\nカタカナ専門語など使って。\n\n日々精進します。	1	1
Googleアプリ増えてるな。\n「blogger」とかblogが作れるってこと？\n広告貼れるってこと？	1	2
麻生氏よく国会議員やれるな。\nみんななんで当選させるんだろ。\nこんなに国民に寄り添わない議員ダメだろ。\n\nよっぽど利権の塊みたいな組織表をたくさん持ってるだろなー。	1	1
クジラでけえーーー！！	1	0
核兵器禁止条約、日本は参加すべきだろ。\nなにアメリカの顔色伺ってるんだ。\n唯一の原爆被害国だろ。	1	1
ノンアルビール飲むとすっごく眠たくなるの私だけですか？\n\n血糖値の急激な上昇のせい？	1	1
今日は天気が良い。\n全国的にすこぶる快晴。\n\n今夜は星が見やすいのかもしれない。\n海沿いにでも行こうかしら。	1	0
ストレスの原因は対人関係が全て。\n\n人と関わらないと、本当にストレスが少ない。\n\n自宅業務は最高だ。	1	1
LINEは非同期コミュニケーションの道具です。\n\nLINEの不在電話着信だけ残す人々。\nLINEはテキストも送信できます。\n要件を教えて下さい。\n\n返信電話待つのはナンセンスではないでしょうか。	1	1
若いフリーランスのみなさまへ\n\n「なんか変だなー」って思う人とは仕事の契約しないようにしましょう。\n\n若い貴方の感覚は正解です。	1	1
花が枯れる！？\n\n花瓶に刺したお花を、朝外に出して日を浴びさせた。\n\n太陽が元気すぎて花瓶の水がお湯になってた。\n\n花、大丈夫かしら。。。	1	1
今日、運動会の小学校多いですね。\nインスタのストーリーが運動会で満タン	1	0
Twitterやってると怒らなくちゃって気持ちに、少しなるのは何故だろうか。\n\n優しく呟きたい。	1	1
断捨離しすぎて、服が無い。\n秋物と冬物を早急に準備せねば。	1	1
LINEで細やかに連絡できる人は信頼できるなあ。\nお会いしてからの動きもすごく良くて、尊敬出来ます。	1	1
みんなインスタストーリーにあげた動画&写真にコメントってどのくらい来てるんだろか。\n\n反応無いと寂しいよね。\n\n私は今日も「良いね」を押します。	1	1
10万円の再給付と税金の一時カットまだかな	1	1
完璧主義ではなく、納品主義を目指す。	1	1
昼間はまだまだ海で遊べるな。\n11月いっぱいは昼間が夏。	1	0
今年あと2か月で英語の本3冊はクリアにしよう。買ったら使う、決めたら学ぶ。	1	1
積読の本が多い。自己啓発系とかマーケティング系は楽しいから読めるけれども、英語の勉強とかの本は積み上がってるな。	1	1
夜はコート着れる気温。昼は半袖で過ごせる気温。風邪ひくわ。	1	1
コンビニの袋が有料化されたことによって、\nビンのままワインとかお酒を持って外をあるくことがある。\n治安が悪い。エコバッグを忘れずに持ち込もう。	1	1
エコバッグを買ったお客さんに、そのまま手渡ししたら。\n「ショップバッグに入れてください」\nと言われたことがある。\nエコバッグとは。	1	1
花を持った人が街に増えると良いなあ。\nお花のイベントやりたいなあ。	1	0
ひらがなとカナカタのテスト。\n\n今夜も可愛子ちゃんとご飯。\n今夜もカワイコちゃんとごはん。	1	0
カップル見てると、「女の子ってやっぱりオシャレだなあ」って思う。\n\n大人でも男性はやはりスニーカーなどカジュアルが強い。\n\n女性はスカーフ巻いたりヒール履いたりフォーマルアイテムを取り入れてるコトが多い。\n\n男性もデートの時に革靴とか履くと好印象かもです。	1	1
UNIQLOからセミワイドカラーシャツが出ている。\n\n結論すごく良い。\n\n適度に広がった襟がクラッシックな雰囲気を出してくれます。\n首元が広がって小顔効果もあります。\n\nおすすめ。	1	0
男は料理が出来ない方がモテる？\n\nなんでも一人でできちゃう男性には、「あたしの出来ることが無い」ってなっちゃうかも。\n\n料理が出来る男性の場合は、「〇〇ちゃん、いっしょに作ろう」って誘うと良いかもです。	1	1
長い靴下が使いやすい。\n\nアンクルパンツやら、スラックスの丈が短いのが流行ってきました。\n\n秋冬にスネの肌が見えない方がオシャレに見えます。\n\nアンクルソックスを履くのは夏までにして、この秋冬は長い靴下を履いてみよう。	1	1
日曜日だから、お酒は早めにスタートしちゃおう。\n\n早めに飲み始めて、早めに終わる。\n\n明日の月曜日はスカッと起きる！	1	0
一人暮らしの部屋の選び方。\n\n部屋の広さより\n「壁が暑い」ことの方が大切。\n\n隣の騒音と、となりへの自室からの音はかなり気になります。\n\n可能な限り壁の分厚い部屋を選びましょう。\n\n引越ししたい。	1	1
1人暮らしの部屋の選び方。\n\n「トイレと風呂は別々。」\n\n誰が発明したのか悪魔の間取り。部屋があまるこの時代に残ったバブルの負の遺産。\n\n内見まで行く必要もありません。間取り書面の段階でお断りしましょう。\n\n引っ越ししたい。	1	1
1人暮らしの部屋の選び方。\n\n「無駄に広い部屋は不要」\n\n広い部屋には憧れますね。\n\nただ広い部屋は、掃除が大変、モノが増える、エアコンが効かない、そもそも全部屋にはエアコンが無い。\n\nなどデメリットもいっぱい。適切に選びましょう。\n\n引っ越ししたい。	1	1
お風呂オススメアイテム\n\n身体を洗うのは牛乳石鹸。\n身体を洗うのは綿のタオル。\n\n化粧水と乳液は安くて良いので全身たっぷりつかう。\n\nこれだけでかなりスッキリツルツルになりました。\n\n個人差あるので肌に合わないときには使用をやめてください。	1	0
花屋さんってらどうやって収益上げてるんですかね？\n披露宴とか、ホテルの飾り付けとかかしら？\n個人客への小売りだけじゃ、苦しいですよね。。。	1	1
環境が異なると言葉も変わる？\n\n砂漠では雨が「天気が良い」なのかしら？	1	1
モノ減らすメモ\n\n5.1chステレオをやめて、ポータブルスピーカーに変える。JBLが良いらしい。\n\nステレオは現代の暮らしには大きすぎる。\nそこまで良い音も求めていない。	1	1
フォーク型に並ばせない、コンビニ&スーパーのレジ。\nもう良い加減にしてほしい。\n\nオジサンおばさん、新しいルール覚えてほしい。	1	1
年中ダイエット\n\n空腹と共存？するために、無限に食べて良いものを決めている。\n\n私は豆腐と枝豆と海藻。\n\nなかなか痩せない。	1	1
外食と私。\n\nほぼグルテンフリーの私は外食するとお店がかなり限られる。\n\nその時にいつも外食は小麦粉が多いなあとも感じる。\n\nラーメン、うどん、そば、ピザ。\n\n私はタイ料理を食べます。	1	1
道案内の説明を練習すると、お話が上手になります。\n\n相手の知ってるエリアを聞き出して想像して、どの細かさからどのあたりまで説明するのか。\n\nパリに行ったことない人に、「パリの〇〇レストランの横でーす」とか言ってもよく分からない。街の名前とか駅名とかでOK。	1	1
3か月前から始める引っ越しの準備。\n\n●モノを捨てる\n過剰にあるペン筆記用具を捨てる。なんでこんなにあるのかしら。	1	1
UNIQLO在庫管理が変わりましたか？\n\n去年のアイテムとかたっぷり置く様になりましたね。\nエコで何よりですが、お店の棚がパンパンになっている印象。	1	1
ABCマートのお姉さん、防水スプレー勧める時に。\n\n「このスニーカーは洗えないから、防水スプレーが必要」って、無理がある。\n\nvansのキャンバスですよこれ。	1	1
水で洗濯しても汚れが落ちた気にならないですね。\n\nお湯で洗う洗濯機とそれをつなぐ住居のシステムの開発を希望します。\n令和2年なんだから。	1	1
全ての住居に、食器洗浄乾燥機の設置を希望します。\n\nまだ手で洗ってって社会に取ってマイナスですよね。\n\n機械にまかせよう。	1	1
田舎に住んでる人こそAmazonプライムとか使って、通販するべき。\n\n在庫切れが少ないし、衣類でもサイズと色が豊富。時間のムダが減る。\n\nしかし田舎の人ほどネット通販を使わないイメージがある。買い物に行くのが好きなのかな。	1	1
焼き芋にバニラアイスかけると、美味しいらしい！\n\n芋はホクホク系が良さそうだな。\n紅はるかとか、紅あづまとか。	1	0
この時期に衣類を買うのはすごく難しい！！！\n\n風を止める薄いコートと、脱ぎ着着やすいパーカーとかニット。\nその辺かなあ。\n\nトータルのコーディネートを考えてある程度色味を揃えて買いたい。	1	1
UNIQLOのワイドフィットテーパードパンツが秋冬もすごく良い。\n\n優雅なワイドさと高級感のある生地。\n\nこれでウールとかツイードとか出ないかなー。\n出ないだろーなー。	1	0
UNIQLOのコーデュロイパンツ、生地はすごく良かった。\n\n冬のオシャレって感じ。\n形は普通だった。\n\nビジカジとかなら良いかもです。と、ワイドパンツ好きの私が言ってます。	1	1
ABCマートさん、ジャックパーセルの取り扱いやめたのかしら？\nレザーの黒が欲しかった。	1	1
そろそろお鍋の季節ですね。きのこ食べたい。	1	1
今日は全然歩けていない。\n明日10キロくらい歩きたいな。	1	1
モニターとスマホ見すぎて目が痛い。\nブルーライトカットメガネが必要だ。\n軽いやつ。オンデーズに行こう。	1	1
夜になって寒くなってきた。\n暖房は過剰だから膝掛けでしなぐ。	1	1
「瀬戸内海綺麗すぎ」うらやましい悩みですね。	1	1
仕事用の椅子のお尻に敷くジェルマットみたいなのが欲しいな。ハニカム構造のやつ。\n硬い椅子に座りっぱなしだと、お尻の血が止まっちゃう。	1	1
田舎の夜の道路は暗い。歩行者は懐中電灯をマストで持って下さい。散歩中の犬にもライトをつけてあげて下さい。	1	1
空気が乾燥してきた。すぐに喉が渇く。水分補給を増やさねば。	1	1
通販ならサイズも色も自由に選べて、東京から送料1000円以内でだいたいどこにでも到着する。素晴らしい時代になりました。ITありがとう。	1	3
タバコっていま500円以上するのね！	1	1
GUのシェフパンツ。非常に良いですね。生地も豊富で、カラバリも多く楽しめる。何より安い。	1	3
宮本浩次が日曜サンデーに出てたのか！？聞き逃した！	1	1
いま中高生だったら絶対に理系に進むなー。プログラミング一択。	1	1
明日行きたいパン屋さんにFacebookのメッセンジャーで営業確認DMしたけど、返信ないな。電話もつながらない。不安だなー。	1	1
ヘインズのサーマル上下のXXLって国内で売ってないのかな。需要あると思う。私みたいにヒートテックの肌触りが苦手な人が居るかと。	1	1
進学進路を考えてる学生さんはしっかり考えた方が良い。何にも考えずに決めた私は。無駄に大学に行きました。時間の無駄でした。	1	1
いまくらいの時期に花火大会してほしいなー。夏は暑すぎる。8月とかに花火大会するのもうやめませんか。	1	1
おにぎりが３つあるのに、間違えてコメを3合炊いた。炊いた米は冷凍行きだ。	1	1
早寝早起きして、運動して、ご飯食べて、好きな人と寝る。すっごく健康になる！ウツを吹き飛ばせ。	1	3
りんごは青森産が多い。スーパーで見てると岩手産は無い。ゼロ。岩手のリンゴも食べたい。	1	1
安いティッシュを買った。ヤスリかと思うほど硬かった。	1	1
古民家カフェが苦手。家が小さいから、柱に身体がぶつかるし、ハリに頭がぶつかるし、ゆかが硬くて、靴を脱がないといけない。苦手。	1	1
天気が良いなー！！秋晴れ。	1	0
天気が良いからカレー。	1	0
おはようございます。本日も頭フル回転を目指します。	1	0
朝はさすがに寒い、10月末。ダウンジャケットを着て歩く。	1	2
チーズを豚肉とシソで巻くと美味しい。串に刺して焼くと、さらに楽しい。2個で1串にすると400円くらいか。	1	1
作業場の外部モニターもう1台追加したいな。キーボードも外付けにしたい。	1	1
嘘つかないことって、すごく大事。そのためにもイヤなコトはイヤだと言おうと思う。	1	1
ダウンジャケットがもう暑い、10月の8時。	1	1
バナナヨーグルトで腸活。おはようございます。	1	1
紅茶も、発酵食品ってホントですか？	1	1
朝からカレー食べたい。スパイスを体に入れると元気が出る気がする。	1	1
昨日はウォーキング5.6キロでした。5キロ足りない。今日15キロ！？	1	1
今時期の洋服の正解は未だ見つからず。\n昼間は半袖短パン（日焼け止めあり）。\n夜はコートって、難しすぎませんか？	1	1
マックグリドルんまい。店員さんにモバイルオーダーを教えてもらった。スマホだけで注文と支払いが完結するようです。しかも持ち帰りなら待ち時間なし。	1	1
え！？豆乳もたくさん飲みすぎると体に悪いってホントですか。	1	1
毎日の時間割り作らなきゃな。午前中はコレやって、午後はこれやってみたいに。朝イチのウォーキングは決まりだな。健やかにスタートする1日よ。	1	1
ラップトップに、モニターを2台追加して、3枚モニター暮らしにするには、どうやって接続するのかしら。HDMI分波器みたいのがあるのかな。	1	1
麻生太郎氏、早く辞任してほしいですね。	1	1
Yahoo!ニュース相変わらず、井戸端会議みたいな内容ですね。安定。	1	1
ビール飲むとすぐお腹が出っ張るな。水泳せねば。	1	1
自分の専門分野に関しては常に情報を仕入れ、検討してアップデートする必要があるな。	1	1
15万円の給付金まだですかね？	1	1
洗濯物を熱湯で洗うと生乾きの匂いが取れました。色落ちには注意です。	1	1
毎日コツコツ10キロ歩く。積み重ねが体型を作る。	1	1
わからないコトは聞こう！	1	1
早起きして太陽を浴びて、朝ウォーキングすると、夜の疲れが心地よくなる。体感。	1	3
断酒。水曜の夜ですね、まずは週末まで頑張ろう。	1	1
スマホとモニターの見過ぎで、頭皮が硬くなってきた気がする。お風呂でモム。	1	1
ゼルダ無双が待ち遠しい！！！また廃人になる。	1	0
10代の人たちのデジタル感とアナログ感を教えて欲しい。音楽ならサブスクだったり、アナログレコードだったり。通販の感覚とか。	1	1
月曜日に買ったお花、まだ咲かない。まさか、つぼみのまま楽しむ植物なのか？そもそもツボミじゃない？	1	1
15時にご飯食べたから、夜になっても全然お腹が空かない。\n24時頃が不安。	1	1
ゆるゆるのサーマルズボンが必要だ。ふくらはぎを冷やさないように。	1	1
20回くらいを1セット。1日5セットくらいスクワットしてます。効果あるのだろうか。	1	1
夜は寒い。長袖長ズボン必須。ホントみんな何着て暮らしてるの！？	1	1
大塚家具の久美子社長退任か。なんでも大きな変化が、良いことって限るわけじゃないんだな。学び。	1	1
こんだけ話題だと、鬼滅の刃の映画見たくなる！	1	1
夜にヒートテック着て布団で寝ちゃうと、調子が悪い。夜はパジャマで寝たい。	1	1
風呂上がりのベビーオイルマッサージは最高だ。セルフマッサージですが。	1	1
市長選の投票率が51%とか、つらいことです。市は投票率を上げる努力をして欲しいです。悲しいことです。	1	1
任天堂Switch版バイオハザードが1,355円だと！！？？	1	2
今年の10月31日のハロウィン。満月ですって。	1	1
GOTOキャンペーンには何も便乗出来ておらず。生きていくのでギリギリです。無限くら寿司する友人も居らず。	1	1
こんな時間の空腹には、枝豆！	1	0
すぐにこぼすクセに、白いTシャツをやたら着る私。	1	1
おはようございます。今日もスクワットしていきましょう。	1	0
変化変化変化！	1	1
人に優しくすると気持ちが良い！	1	3
掃除機かけます。	1	1
シャープの空気清浄機のフィルターって使い捨てカートリッジ式なんですね。買わなくちゃ。	1	1
秋に履く靴は、オールスター黒で決まり。ハイカットにしよう。ヒモは黒に変えて。	1	0
ユニクロのブロックテックコートが良い。しかし、いま着るのは暑く、冬に着るには寒い。	1	1
ほら。暑すぎる。スラックスの下にタイツなんて履くから。	1	1
半袖短パンでOK。	1	1
GOTOトラベル、旨味のあるプランは全部売り切れなのね。一人で50泊とかしてるひとばっかし。これまたコロナ対策の恩恵は受けられず。	1	1
GOTOとかじゃなくて単純に、毎月20万円もらえないですか？	1	1
メルカリで売れたレコードの梱包に困る。これ割れたりしないですかね？それ用のケースとか無いかな。	1	1
日本の政治家、おじいちゃんばっかりでダメだね。判断力の必要なコトは若い専門家にやって欲しい。	1	1
意味はなく、パフォーマンスだけのマスク社会。お互いに望んでいない圧力がここにはある。	1	1
職業訓練に通ってる間は、生きていけるくらいの補助金をもらえませんか。スキル身につけて再起することも出来ません。	1	1
iPhoneはやっぱり新型が出るたびに欲しくなる。	1	1
唐辛子は自家菜園でも、割と簡単に出来るらしい。やりたい。	1	0
メルカリのダンボールとか、ゆうパックとかに広告出す仕事したい。	1	1
「国産米使用」って心配になる。何県産かしら。	1	1
安心安全地元のお魚。	1	1
ATMを利用する回数減らしたい。月1回の目標は達成出来ず。	1	1
暑くなく。寒くなく。良い夜です。空は曇り。	1	1
ウソをつくだけのカンタンなお仕事です。日本国の総理大臣。	1	1
ズボンの裾丈の長さの話し。トラディショナルな短丈にしたい時。\nスリムパンツやハードテーパードパンツならくるぶし上3センチくらいでもOK。	1	1
メルカリの民度！しびれる！4000円を1000円に値下げして下さい。	1	1
電動ワンウィールスケボー。おもろ！	1	0
ざこし！ざこし！	1	0
キーンブラザーズ、キャンディ。最高。	1	1
ピーナツよりもアーモンド。	1	2
熱湯洗濯の安心感！60度で20分×2セット。においが消える。	1	0
おはようございます！本日も楽しく生きて行きます。	1	0
曇り！	1	1
うどん食べたら、よけいにお腹すいた！？	1	1
今夜はカンパチしゃぶしゃぶを食べる予定。1日頑張れます。	1	0
レターパックプラスの優秀さよ！4kg以内なら厚さ制限無し。これで匿名配送できたらなあ。	1	0
ゆうパック郵便局に持ち込むだけで120円引きかー。大量に出荷するときは。結構お得感あるな。集荷の楽ちんさと双璧をなすな。	1	1
熱中したいなー。いま熱中してることは何だろうか。	1	1
私は本当に外食のお店をしらないなー。お金なくて外出なんてしたことないから。オススメのお店聞かれるといつも困る。	1	1
携帯のキャリア変更しなくちゃだわ。 OCNモバイルにしようかな。	1	1
台湾200日連続感染者ゼロ。さすがだなー。台湾優秀だなー。it大臣のあの人がいる国がうらやましい。日本はハンコおじさんだもんなー。	1	1
キャニオニングの季節が過ぎてしまって1ヶ月。もう川が恋しい！！！来年の8月まで遠い。	1	1
郵便配達の土日廃止。良いことです。そんなに急ぎな案件って少ないだろうし。過剰なサービスは巡り巡って自分に苦労が返ってきます。	1	1
あだ名禁止。本筋じゃ無いバカみたいなことばっかり進めるね。おっさんかおばさんが言い出したんだろうね。声のでかいバカに対応しだすと、その他大勢の普通の人が迷惑をこうむる。	1	1
芸能人の不祥事があると映画が公開されなくなる。作品に罪はないし、事故起こしても役者としての能力は変わらない。映画公開すべき。	1	1
お湯洗濯。匂いは取れるのはすごく良い。時間がかかるのが難点。ガス式のコインランドリーみたいな機材をマンションに設置してほしい。	1	0
世の中の靴も衣類も、全部すごく小さい。実店舗での買い物は諦めた。時間の無駄。どうせサイズはないのだから。	1	1
タンパク質と野菜を摂取しないと食事した気にならない。すぐお腹がすく。うどんだけで済ませてる人たち、すごいなーと思います。ささみ食べます。	1	1
何の説明もしなくて良いカンタンなお仕事です。	1	1
日本は革命が必要じゃないだろうか。国家転覆しろ。	1	1
フォロー&リツイートでさえ当たらないのに、ロスチャイルドのことまで考えてる余裕なし	1	1
今日必要火急の用事で娘と歩いてたら、向かいからくる女性にトリちゃんですか？！と確信めいた様子で言われた。全然そうじゃないんだけど、相手の子みたらそれっぽかったので、ああだから家にいればよかったと思った\n家を出るだけで世の中ふじゆうだ	1	1
防護服づくりで指紋がなくなり、在宅ワーク用に借用してるパソコンの指紋認識されなくなり、わたしは完全に失職しました。	1	1
朝から妻のアップルパイを勝手に食べて、もう少しカスタード入ってるのがいいねと言ったら、あなたシュークリームが食べたいだけでしょと口撃された	1	1
今日、初めてのおつかいを泣きながら見てたら三歳になる息子に「泣くなよ、そんなことで」と声かけられた。	1	1
人生って所詮モンスターファーム2みたいなもんって高校生の時から思っていて、今もそう思ってる	1	1
バンクシーバンクシーって、結局誰なのよ	1	1
次こそは絶対に…としてうまくいかないのが怒鳴らない育児とアディクション。つまり怒鳴りとか体罰は一種の依存症ではないか。	1	1
今日はいい加減マスクをしない娘に、じゃあ貴女だけ感染してくださいね！！とブチ切れてたら三歳の息子に怒らなくてもいいじゃないのよ（＾_＾）とたしなめられた。これではいけない。。。	1	1
こんな時間まで妻がライン自粛パーティーを友だちと開いている。。。せめてもの魔除けとしてニベアを顔に塗りたくって寝る。。。リア充ばくはつしろ。。	1	1
おっとこんなことしてる場合じゃなかった。	1	1
ビアードパパの新人店員の作った、ややマズなシュークリーム食べたい	1	1
ようやく息子、娘が寝た。。\nこれからずっと私のターンだ。\nとりあえず論文仕上げる、、。\n寝不足でしぬ、、、、	1	1
子ども寝かしつけてんのに地震速報とか、殺。。。	1	1
２日連続かよ。。。。	1	1
子ども（3歳）が、「喉が痛い、でもこれはいつもと違うからアデノウイルスかも」って言いながらノンタンおねしょでしょん読んでる。	1	1
ようやく子どもらが寝た！アーーーーーー疲れた、眠いけどコーヒー飲んで読みたい本読む！	1	0
超元気な子どもらの相手と気圧の関係でかなり頭痛がするのに、ズーム会議だっ！つってガンガン電話かけてくるので、せめてもの反抗で電話の最中洗濯物畳んでてやった よく考えても考えなくっても仕事が嫌いだ	1	1
子どもらようやく寝た（＾_＾）\n妻の持病が再発したようで、今日は少し泣いていた。\n子の難病、妻の難病、母の交通事故。なんか試されてる？笑\n事実上の父子家庭だが、しょげてはない。\n現状を誰かに評価されるのではなく、ここから自分でチャンスを作り、また大きくなる\n生きる、を諦めない。	1	1
よし、みんな寝た！\n僕だけ賢くなるターン突入！！	1	0
7/1から通常出勤が決まった\n約3ヶ月ぶりの職場\nもはや何のために…	1	1
3歳の息子の昆虫好きに火がついて微笑ましく見ていたけど、今日最後息子が寝るぎりぎりで「昆虫って何なの？」という最大の特徴疑問を突きつけられてこの時間までネットサーフィンして悩んでるわたし。	1	1
昨日仕事で はやりの感染症の検査に立ち会ったが、屋外検査本当暑い、本当にあつい！！！\nまかり間違えば本人よりもこちらがしぬ 抗原もぴーしーあーるも、ちょっともう本当過酷	1	1
私にとって内村鑑三先生の「後世への最大遺物」は大感動した本なんだけれど、現代版、後世への最大遺物［読みやすくしました］みたいなやつを大期待で購入したら、逐一感動文面を赤字ででかでかと表示されガッカリした経験がある。編集って大事なんだなぁと思う。私にとって本（文）の静かさって大事。	1	1
今日は定例の子どもらの朝グズグズ大作戦に対して、「君たちの言うことは分かるよ、でも、朝自分で着替えたりはすごく大事大事な約束、機嫌が悪いからって破っていいわけじゃない」的な叱り方が出来て、皆、割りと良い意味で諦めて行動できていた。自分も今日は少しほっとできた。毎日できるように。	1	0
おはようございます。保育園送迎が終了、家事全般一旦落ち着いたので、作業に入ります。ASP経由転職広告探しでしたが、掲載の希望単価以上の広告の殆どが当該サイトで推奨しないエージェント方式であったため、当面の掲載は見送ります。小さなサイトなので、目先の利益より当面は運営方針を取ります。	1	1
ACPしたのに点滴いるかなーって論議が出ることそれ自体、ACPしてないでしょと思う。積極的医療を望まない方が居たとして、その積極性のすり合わせができてなかったとすれば、それって何を話したのでしょう。今までの、いわゆるDNARとどう違うのでしょう。忙しいのはわかるが、それでは現場は進まない。	1	1
職場もとても忙しいけれど、家庭内もドタバタ、三歳の発熱に尽力した1日。苦しむ息子の環境調整に東奔西走、スポンジボブ借りに行ったり、かき氷作ったり。サイト更新出来なかったけど、最後息子が寝る前に「ズボンは四角…（スポンジボブのフレーズ）」と安らかに言ったので、一日頑張ってよかった。	1	2
先程まで長男発熱と長女の夜泣きできますようやく一段落。今日は重大案件もあり職場に行かなければ行けないので妻に子を託し、洗濯物たたみ、これからサイト更新して出勤準備。今絶対試されてると思って、こころ安らかに行動。ここまでくるといつも脳内でサライが流れる（定例）	1	2
相談支援関連図書一冊見たので今日は寝る！明日はサビ管業務がほとんどだけどメリハリつけて集中します。サイト記事は今週中に高齢者分野1テーマ上げます。来年の試験、高齢分野は後期高齢者の比率が前期高齢者を上回った点が狙われるかなーと考えてみたりする。	1	2
気になるけどファンではないという仕事内容をファンに切り替えるのはチートだとも思うけど、それに越したことはない。元々その程度の熱量のモノをファンにまで引き上げるのはやはりお金か、わかりやすい名誉なのか。本人の今のこだわりってわからないけれど、そこにフォーカスできる関係性こそが文字数	1	1
ここ8年くらい好きな仕事を続けているけれど、一度も滞らずに仕事できたことって多分ない。しかし、そこにこそ組み合わせの妙を感じざるをえない。一方、口角あげてナラティブにしていると翌日に食べようた購入したパンを今食べてしまう、シンプルにお腹のすく不良品でもあるという意識も必要だ。	1	1
本業と子育てが鬼多忙につき、ブログも全てストップしてしまったが、唯一毎朝コード練習だけは繰り返ししている。今のレベルでは社内で少しパソコンとか好きな人レベルから抜け出せないので、皆より少しでも多く努力を重ねて、積み重ねも発信していくと改めて決意。頑張れ自分。	1	1
Progateやってて息詰まると、何してんだろという感じが強くなるが、それを過ぎて一時間くらい更に取り組んでいると、もはや本来の目的を完全に忘れ、クリアしたときに「パーフェクトベラベラー！」と、謎のスマステーション風ジングルで自分を褒めるようになる。無人の部屋であればあるほど良い。	1	1
ドットインストールに課金して女性ボイス切り替え機能にワクワクしたのも束の間、結局当初の男性ボイスに戻す人の割合と、ドットインストールに課金して女性が「taguchiって打ってみます」って言った時にあぁ、田口さんていうんだ、と、付き合ってる設定を想像するも、男性ボイスでも同じ苗字文字数	1	2
今朝がた、初案件を受託させていただきました！\n嬉しさ４割、不安６割です！Htmlの更新等がメインなので、見たところ大丈夫だとは思うのですが、なるはやの納品を心がけ、修正依頼にもしっかり対応できるよう頑張ります！\n仕事があることが、ここまで嬉しいのは初めて。この気持ちを大切にしなければ。	1	0
HTMLで初めて表書いてみたけど（ドットインストールでチラ見して以来）あまりのショボさにCSSの偉大さが際立つ。\n最近では案件のCSS処理を試すのに、progateの練習画面使ってしまう悪い癖がついてしまった。	1	1
今日が納期であり、我ながら頑張って出来たんだけれど、本当この子たち（HTML）可愛いくて、なんなら納品したくないくらい可愛い。	1	2
体質なのか考え事してるだけで一日二キロくらい痩せてしまう。	1	1
夜な夜な案件に手をつける\nこんな感じでと提案された内容のフォントサイズやコードの其処此処に明らかにミスがあるが、これは修正して良いものかわからんので、これに準拠して完成させてお客さんの判断を仰ぐことにする\nとりあえず文書の差し替えだけ今日中に終わらす	1	1
同じおきゃくさまから継続の受注(T ^ T)嬉しすぎる！\n\n・丁寧な仕事を心がけること\n・一つ一つの意味を把握し、考えてコードを乗せること\n・疑問に思ってもとりあえず形をつくり、その上で相談すること。\n\n感謝！	1	1
コーディング系は２件無事納品し、校了頂きました。\n\nそしてさきほど、案件3件目を受注させて頂きました。3千字程度のライティングで、どちらかというとこちらが本業の節があるので、力入れて書きたいと思います！（＾_＾）クラウドソーシング楽しい！	1	0
娘、一週間の咳と発熱。気管支炎の診断を受け抗生剤をもらい、ようやく寛解。長男は元気だが、毎度の事で両親ともに完全に遠い目。	1	1
鬼滅の刃にはまったふりして緑チェックのコタツ布団かぶって「ただいま」って帰ったら、一瞥して風呂入れば？と冷たくあしらわれたので、わかってるってばよ！！！！！！と、とどめを刺した	1	1
その勢いで風呂からでて、大声で水の呼吸！っていったら、娘の風邪がうつって痰が絡んでむせて溺死しそうになった、おそるべし水の呼吸。。。	1	1
Netflixついに契約してしまった	1	1
未だにマグマグ使ってる3歳児と2歳児をどうすりゃいいのか分からず毎日除菌と洗浄してるが…	1	1
職場ではxmind使って、家ではmindnode使ってるけれど、mindnodeの方が格段に使いやすいのと、デフォルトのカーブが好み	1	1
今日は子どもらが早く寝たので勉強しよと思ったが最近の無理の反動で全く何もやる気が起きない	1	1
すげー気合い入れてコンペ用のデザインやってて、凄い熱量の高い見た人が超絶元気になる広告つくろうと思えば思うほどかもめ食堂みたいな雰囲気になってしまう	1	1
今34なんだけれど、34歳というまあまあになってきた年齢からなんかようやく重い重い腰を上げて自分の皮膜というか、客体性みたいなのに順応してそれを生きようと思いはじめた反面、猛烈に足掻いて人生を終えるか本気で考えて行動しない定例行動に陥るかについて今5分だけ考えていますなう。	1	1
自分にも良く学びよく働きな親が居て、それを見て良く学びよく働いてきたけれど子育て中の今、よく働くだけではなんとなく満たされない。思えば幼少期の殆どがおばあちゃんとLEGO制作の思い出だったなと思う。僕が欲しかった親の反応や体験を存分に提供できる環境にはしたいと考えるがこれがまた大変	1	1
可処分時間ガチ勢と可処分所得ガチ勢に怖気づいて、結局それなりに普通の労働をしていくサラリーマン。それが私。\nクラウドソーシングは9月末からはじめ6件納品したが、結局ライティングとデザイン案件が依頼主の人柄傾向的にも一番馬があってる気がするので当面はそれを中心に取り組もうと思う。	1	0
イチハラヒロコ風ミートソーススパゲティにしようと思って長男の良き顔写真を引っ張り出してきて真ん中に好きに生きろ風メッセージを添えてレイヤー作ってたら何やってんだってなって寝る定例をやめないと清々しい朝は訪れないかもしれない 積み上げる自由と積み上げない積み上げも必要 奥行きがある	1	1
今日は暑いくらいの日ですというけど、朝気温が低い限りそんな気にもなれずどうしても厚着をしてしまう	1	1
病院にくると、狸寝入りして本当に寝てしまう娘	1	1
インフルエンザの予防接種をで死ぬとか本当不毛すぎる	1	1
働きたくなさすぎて爆発する\n妻と、「子どもらが朝起きたら高2になってたら」という想定で話をして盛り上がる。私は取り敢えず一日中5時間は眠りたいというと、妻はテレビ見ながら寝落ちしたいと言っていて、この点から見るに、妻の方が精神が豊かで当面の体力もあることが確認できた。	1	1
娘の風邪がうつり、咳が止まらない	1	1
今日の息子は珍しくいうことを聞く。息子も体調崩す可能性を示唆。	1	1
よし寝た！洗濯物たたむ！今日はコンペのデザインやりたい！	1	0
ネットフリックスを契約したのに多忙すぎてみる時間なし！	1	1
全ての家事が終了！達成感で夜更かししないように気をつける！	1	0
おやすみなさい。明日もいい日でありますように。息子が元気で登園できますように、娘の風邪が治りますように。	1	1
おはようございます。さて、今週は本業の片手間にUdemyでフォトショイラレをスキルアップさせます。	1	0
ようやくの昼休憩 咳がつらいので勤務地にて受診、処方薬もらった！これで復活なるか！	1	0
今日は久しぶりの出勤。\n今年定年を迎える結構厳しい先輩社員から「四月からズーム会議中にずっと唇紫に加工して繋がり眉毛にして映ってたのに気づかなかったね」と言われた。気づいてたが、操作ミスでそうなってると思っていた。そんなチャーミングなこと意図的にするとは思わなかった。	1	1
久しぶりに出社したら電車の乗り換えどこなのか忘れててまだ家につけない	1	1
娘がどこかで、オーケーって覚えてきて、どんなに頑張って嫌な時もオーケーオーケー言ってる。	1	1
おはようございます。昨日は娘寝かしつけからそのまま寝落ちしてしまったが、そのおかげで咳症状だいぶ和らいできた	1	1
昼休憩、薬の影響で眠い！	1	1
仕事終わり。今日は格別疲れたといつも言ってしまう。勤務開始ギリギリに星野源聞くのほんとやめたい。その時間なくせばもう少し色々捗るのに…	1	1
咳がひどいが今週末予防接種やし。	1	1
楽しいとか楽しくないとか抜きにして、お、今私は対象物に惑わされてるぞ、と見取り図のように見えたら相談援助も保育も心が負けないと思うのね。	1	1
今日は常務に「力が欲しいか…？」と、九尾か、アームズか、それとも前澤さんか、その他の変種かみたいなこと言われた。	1	1
娘がスーパー可愛いので勤務中は娘のことばかり考えているが、その自乗倍息子の方が可愛いので、逆にもう家に帰りたくない。	1	0
今日は息子の初遠足〔保育園外出〕お弁当の入ったいつもより重いリュックを、一生懸命持つ姿を見るだけでもう泣きそう。	1	1
ようやく昼休憩。面会多い！	1	0
コンペ期限がすぎてデザイン一件取り損ねた←勝てる保証ないけど自信あったのになー\n健康の方が大事なので、次来るチャンスにひたすら成長しよう！	1	1
ドットインストールから最近全然やってないね、とかいうメールきてた。汗	1	1
にしてもランサーズ面白い。調べてるとほんっと沢山の仕事がある。大体なんでもやってみてるけれど普通に月収10万超える感じ。これはうまい、あとやらされ感じゃないのでひたすら楽しい。	1	1
おはようございます。身体は復活しつつあり、だいぶ咳も良くなった。今日はインフルエンザ注射の日！	1	1
Zoom会議終了。	1	1
妻が３階の部屋で国試の在宅模擬試験受けてて、家の中がピリピリしています（ただし3Fのみ）	1	1
ちらっと見に行こうかと思うが、やめておく。	1	1
今日は、イラストをペインターレベルから卒業できるようにする。独学だけだと本当素人の域をいつまでも卒業できない感をただす。苦しい局面である。	1	1
困難と支障の定義をしっかりして記票側と集計側、特に記票側に周知徹底してもらわないと成り立たない（つまり殆ど解決しない）システムを旧システムと呼びたい　なんとかならないのか	1	1
お昼ご飯、ラーメン食べにきました。	1	2
予防接種無事終了！	1	0
アンカーポイントがわからない病気にかかりました。	1	1
息子、娘にチロルチョコのカップをあげたらヌガーを大量に排除してこれどうぞ！とくれた。ありがとう…	1	1
マリオカートに興じていて全然寝る気配なし	1	1
明日は、というか毎週土曜日はこの子らと3人だけのワンオペだが行くところやること決めてない、どうするかなー。	1	1
今日は予想以上にイラレ機能知らなかったことがわかったので、ためになる一日でした。	1	1
組分け帽子の真似してたら気管支炎良くなってなくてむせて死ぬとこだった	1	1
ハッフルパフが一番居心地良さそう	1	1
結局今日一の笑いはLyricoさんのペニーワイズ仮装だな	1	1
今日のツイッターは、開設以来一番楽しい。	1	1
妻に、スネイプ先生に似てるよねｗっていわれて不服	1	1
マクゴナガル先生の最後の方の、すごい魔法早く見たい	1	1
自転車で行く距離の公園行って、お昼は娘にカルボシステイン混ぜた納豆食わせて、長男のマリオカート病にはほとほと呆れつつ、一日を過ごしています。今日は積み上げ猶予なし（＾_＾）	1	0
サブスクってなんだろとおもっても調べない、気になっても注意を逸らさない事も今日はしてみよう。	1	1
今日は抱っこしたりしてて右手しか空いてないので、ひたすら、右手で100件ツイートする。	1	1
ゆるっとどうでもいい会話を投げかけてくる長男。そこにいるか確認してるだけの魔法みたいなものだろうか。	1	1
これ終わったら終わりにするからというマリオカート族の話。約束を破ってるのでゲームは封印する！	1	1
トリックオアトリート！と教え込んだ結果、なぜか息子は「私のバヤイ！（場合？）」と言うようになったが、これなに、保育園で流行ってんのか	1	1
さて、お昼寝終了。もう夜だ、寝かしすぎた。。、	1	1
できることは山ほどあるか、疑わないこと。やらなきゃいけない家事が山ほどあって隠れていたとしても。笑	1	1
スプレーホイップをかけまくって何か食べたい。	1	1
必要火急の芸術の秋。	1	1
昼寝→チップスターという、いつもの流れ	1	0
キッチンの前の定位置	1	1
妻帰宅。	1	1
何もかもうまくいかなかった一日、と妻が言っているが、果たして…笑	1	1
今日はついに自動鼻水吸引器を購入した。お互いの平和のため。	1	0
ようやくご飯できた。さあ風呂入れてくるか。	1	1
さて、皿洗う。	1	1
皿洗いが一番好きかも。って一々やる家事に「一番好き」というタグをつけて内的動機を上げる作戦	1	1
去年の今頃も組分け帽子の話して子育てにシクハクしていた気がする。ゴールは取り敢えず小5と先輩社員から言われたものの…もつか…	1	1
皿洗い終了、ようやく座れる！！！	1	0
座ったら妻がどうぶつの森でカボチャと会話してる	1	1
息子とブルームーン見に行ってきた！寒いので40秒くらい！	1	1
この時の注意点は赤ちゃんに対する気配りです。7分に一回は呼吸の確認とトントンをしっかりしてあげましょう。	1	1
トントンの仕方にも配慮が必要。指の腹で、赤ちゃんの背中の芯を響くように行います。手のひら、手首は赤ちゃんに合わせて固定して、力を入れないようにします	1	1
さて、今日も始まるの巻	1	1
秋冬の朝活ってもう、寒稽古	1	1
さて、大好きな皿片付け、洗濯物たたみから始めます。	1	1
皿終わり！	1	0
洗濯終わり！あとは風呂！	1	1
毎朝のこのテキパキ感、調査兵団になった気分。	1	1
朝読はそろそろ終了を意識して、Udemy、Progateを五分やる。そろそろ怪獣さんたちが起きてくる頃。	1	1
「あなたのデザインに、そして人生にも、空白がたくさんできることを恐れてはいけません。空白は目と魂が憩うところです」\nとても良い学びになる。	1	0
朝は、かにぱんシュガートーストを食べさせました。	1	1
ほぼ10分くらいで勉強が終了したらしく、元気に携帯で蝶々育ててます 息子さん	1	1
さてラミネートして、必要なもの発注しよう 今日も公園に出かける予定になるだろう	1	0
ラミネートが完了した！これで大体どこでも読めるぞ。	1	1
娘への自動鼻水吸い取りが完了。泣くけど風邪の悪化よりは全然マシだ。	1	1
マリオカートを終えた息子が猛烈にピタゴラスで遊び始めた	1	1
ピタゴラスとトミカが本人の鉄板	1	1
仮面ライダーとかウルトラマンなどの殴る蹴る系は対応と説明が面倒なので極力見せない	1	1
ランサーズで100万貯めたら2万円くらいの、おひつが欲しい	1	1
ニヒル牛行きたいけど空いてるかな	1	1
デザインの原則 整列、コントラスト、近接はなんとなくだけど、反復はあまり意識してなかった気がする。	1	1
駅伝寒いなか、辛そうだな?。	1	1
息子によると、ミスフリッターの乱入によりレースをめちゃくちゃにされたため、カーズトミカのレースは終了となったとのこと	1	1
明日在宅勤務じゃなかったらキレてるという事柄が5回くらいある。つまりもう週に三日以上通勤出来ない身体になってるということか。	1	1
マクドナルド、トリチとっても美味しかった。	1	1
この時間まで昼寝してる子どもらってなんなのか…	1	1
さて、夕方のいろいろをはじめましょー。	1	1
大学生の頃ってもう10年以上前の事だけど、あの時の足掻いてる感と、今の足掻いてる感て性質こそ全く異なるけれど苦悩は大体にてる気づき。	1	1
粗大ごみ申し込み12月。	1	1
ベビーゲートもすてる、感慨深い。	1	1
フォントをもっと自由に、と、漠然と思っていたが、反復の理解とコントラストに問題があった。	1	1
妻が仕事に悩んでるらしいが…。	1	1
風呂から出てそう遠くない将来についてそう気落ちしないで話している（定例）	1	1
長男、カーズのベッドタイムストーリー読み終わったのでようやく寝かしつけ	1	1
長男は寝たが、長女が鼻を詰まらせて癇癪を起こしているため再浮上。	1	1
左腕に子どもが寝てても積み上げられる手法の第一人者になる方針を固める私	1	1
まずは基本姿勢、左ももに身体を沿わせて、赤ちゃんとか幼児までの子どもの体圧分散をはかりましょう。	1	1
この時、ももはなるべく高く、立てるようにすると、本人の呼吸も楽ですし、影になってスマホの光を直接浴びずに済むので便利です。	1	1
本人の咳や携帯の光などで起きかかったら、そのままの姿勢からこちらが赤ちゃんをだきかかえながら倒れ込むような姿勢をとってお腹で寝かせるのも効果的です	1	1
一段落	1	1
先ほどまで一回ツイートするたびにチロルチョコ一個食べてた、一回10円以上のツイートをできていたかどうか。	1	1
今月は3万5千円目標と、やや控えめに設定	1	1
商品は小さく生んで大きく育てろと、メーカー勤務時代の部長に言われたこと思い出した。	1	2
特化ブログは中途半端な更新ができない分、一球に必要なエネルギーが半端ない。	1	1
楽しいか、楽しくないかではなく。楽しそうかどうか、が重要。\n基本全部つらい	1	1
明日が週末みたいなもん\nテレワーク、子どもら保育園、妻仕事	1	1
そうだ、アンカーポイント表示されない問題の理由を考えていなかった	1	1
久しぶりにいい感じの眠気が。今日は寝ようかな。嫌なことは忘れる。嫌なこと特にないけど。	1	2
明日は明日の風邪をひく、保育園児の我が子たち	1	1
一か月くらい集中して勉強する時間があれば余裕！と言っている\nそんな時間はあと１０年くらいこないのだ。	1	1
今やるべきことは何だろうと思ったとき、このあがいている感じをしっかりと書き留めておくこと。	1	1
おはようございます。今日はようやくデザイン学習できそう。	1	0
保育園送り終わり、今日は疲れたぜ！	1	0
アンカーポイント問題（定例）についてやらねば。	1	1
ちょっと、コーヒーで小休憩	1	0
思えば、保育園送迎大多数が8時30分ごろに来てるが、皆なんの仕事してんだろう…	1	1
アンカーポイント問題が解決。そもそもアンカーポイントとセグメント、パスの違いを理解していなかった。	1	2
Illustrator　トレース1件が終わった。	1	1
今日のいらない気づき：Illustratorで細かく線の調整している時と献血で、血液を吸い出している時の感覚は大体同じ	1	1
一個　自分の気に入るものを作ってみる。\nイチハラヒロコさん好きなので、そういう感じで。	1	0
加湿器フィルターがきたので、交換して白湯飲んでちょっと休憩したら文字デザインやる	1	1
インスタントコーヒーの80度設定を守れたことが一度もない	1	1
メールアプリをいまだにメニューバーにピン止めしていて、いちいち触ると地獄の意味なし時間が発生するが、長い付き合いなので外せずにいる。	1	1
久しぶりに結婚指輪をして作業すると、海外映画の序盤みたいな雰囲気が流れる（勘違い）	1	0
難聴の子どもにも子守唄は有効なんですよね?。こういうことってあまり教えてくれないよね?	1	1
明日も祝日。つまりは明日も育児。明日は何するかな。	1	1
ようやく子どもらが落ち着いたので、パソコン部屋で一人チロルチョコ食べて心から癒されている	1	0
よくわからない気温だなー。	1	1
トレース2件目終了。	1	2
Udemy目標まで見られたので、家の事やります	1	0
夕飯の買い出し、炊事、風呂準備やってきます！	1	1
今日は文字の簡単なデザインが作れたので良かった！あと背景に上手く合わないなあ！と思ってだけれど、それはアウトライン化したから当然の結末だったということもわかった！つまり結果を先に見たいという気持ちをぐっとこらえてここのとこはあ辛抱だということを学んだ。	1	2
炊事終了	1	1
風呂の準備、お迎え準備が完了。	1	1
今日はコープで半額になっていた野菜炒めとアジフライ、ハムとほうれん草のソテー、ブロッコリー、枝豆（ほぼ原料）	1	2
また雨。。。。	1	1
会議終了、お迎えだー！	1	1
今日はバブ入れる…今日はバブ入れる…	1	1
来月のカード引き落とし代マズいな買い物は控えよ…	1	1
今日の千代田線行きも帰りもキモイな	1	1
ダイエット必須イベント海が発生した	1	1
もれぞう	1	1
フジロックの田中みさきのTシャツ超欲しい	1	1
社会人になって、後輩指導経験のない人の下につく、辛さ	1	2
総武線に片桐はいりおる	1	1
誰か木馬座のキーマカレー食べに行こうよ	1	1
ソーセージパンって温めないの？	1	1
相手を置いてけぼりにして、要点をおさえて説明する気になってる人には、ならないぞ	1	1
Kindle買おうかなあ、悩	1	1
また、飲んでしまった	1	1
明日のマルサリス楽しみすぎて有給取ったかんな	1	0
登戸大丈夫か！？	1	1
林檎ちゃん聴いてると自分がいい女になった錯覚に陥る	1	2
引きが強すぎる	1	1
バンドしたいよう	1	1
まーた、飲んだよ	1	2
すーぐ、オタク爆発する	1	1
青野くんに触りたいから死にたいを早く全巻揃えたい	1	1
とりあえず、気持ちを落ち着かせるためにツイートしてました、すみません	1	1
山ちゃん、別に全然よくない？	1	1
野獣とか言われているけど、割と野獣好きだから、山ちゃんはあんまり野獣み感じない笑笑	1	1
根拠のある自信と落ち着き深みのある趣味のある方が好き	1	1
夏に向けていよいよ絞らねばならぬし、なんなら再来週3キロ走るイベント発生	1	1
Sue's Changesやりたいよう	1	1
電車に割と出没する混んでいようが自分は頑なに動かないマン、転生してほしい	1	1
ディズニーおそろっぴする	1	2
再来週のランニング用のスポーツウェア揃えたけど、我ながらかなり可愛いし、好みの色調、アガる、後はキャップだけ	1	0
太陽のトマト麺、先輩に酷評されたけど、結構すきなんだよなー	1	1
髪色暗くしたい	1	1
丸香のおうどん食べたい	1	1
こないだ先輩に連れて行ってもらったおでん屋さん…、ミシュラン☆…、お料理もさることながら、すてきな店長さんだったから、仲良くなりたいなあ…	1	0
先輩方みたいに営業車ほしい	1	1
ベース引き語りとかすごいなあ・・・	1	2
タマザラシ可愛いのんなあ・・・	1	2
今更ちゃんと上原ひろみを聴いてる	1	2
根性論、あんま好きじゃない	1	1
気になってた、純喫茶のモーニングで立ち直ってきた	1	1
生茶の付録可愛い良き、ぽちゃっこ手に入れなきゃ	1	0
鴨川も行きたい・・・	1	1
たまたま流れてきて、死ぬほど練習したDiscommotionリベンジしたくなった昼下がりなあ・・・	1	2
月～金頑張ったから、こんくらいの楽しいアピールは許して	1	2
住民税来たー	1	1
放置プレイきらい	1	1
最寄駅からとほ30分のお客さん渡すなら、車くれ	1	1
IKEAで買った家具、全然手じゃねじ入らねえし、何なんだよ、電動ドライバー即ポチしたわ	1	1
風邪ひいた、気持ち悪い、満員電車やばば	1	1
昨日飲んだ店、大音量でコルトレーンずっと流してたから、気になりすぎてあんまり人の話聞いてなかった・・・	1	1
誰か良い美容院紹介してください・・・変にされている気がする、ナウです	1	1
うさぎの名前だけ決めたんだ・・・	1	2
髪色が紫色すぎて、やばいよう、あの美容院ー	1	1
浴衣が！！！！！！着たい！！！！！！！夏！！！！！	1	1
ボボボーボボーナス	1	2
日照不足で根腐れを起こし、落ちていくー	1	1
なんか、仕事へのモチベーションが分からん	1	1
わがままにすぎないのかなー	1	1
自分が直接言われてるわけじゃないんだけど、高圧的に脅せば動くと思ってんのかな、その考え方が無理・・・	1	1
先輩の紹介で、保険会社の方とお会いしたけど、保険会社に対する印象が変わったなあ	1	1
支払いがひどい、ちゃんとお金大事にしよう	1	1
いろんなお店が桃のグラスデザートしていて、桃欲が凄い高まる	1	0
友達の彼氏さんが流してくれる不動産、資産形成系のツイートすごくためになる、人生設計だいじよなあ	1	1
赤坂でひたすら唐揚げを貪るのか、ふふふ	1	2
桃の湯剥きはまりそうな夏	1	2
やっぱり・・・ウサギ買おうか	1	1
早出の申告制度をいきなり導入し、それに対して適当に対処したのに、そこの客に早出する必要はないといわれましても・・・	1	1
満員電車で腋臭の男と場所詰めない女、しんで	1	1
ドラッグクイーンのメイク動画見るとめちゃくちゃ元気出るよな	1	1
同調圧力しね	1	1
コメダ珈琲の海老かつパンうますぎ	1	0
忖度の使い道・・・	1	1
元気なくなった	1	1
ネイルしたい・・・	1	1
大爆発アカウントだよ	1	1
特に嫌なことはないし、むしろお盆休み満喫	1	2
クレイジージャーニーおもろすぎ	1	1
浮雲の曲好き率高すぎる	1	2
なんか悪いことしたのかなあ・・・、今までこんなぞんざいに扱われるようなダメな奴だったか・・・	1	1
書いて整理しないと色んな感情が爆発しそうだったので、すみません、マルマインだわ	1	1
仕事、ちゃんと教えてもらいたいなあ	1	1
ありがとう言えない奴は、本当に無理	1	1
半休とっちゃった	1	1
また何も前知識なしで仕事ふられたなあ、もうあいつには聞かねーけど	1	1
10人中9人無害な人がいても、1人が有害だと、しんどいんだよな・・・、無害な人に目を向けなよって言われても厳しいんだよな	1	1
アジフライすっごい立派だったし、うますぎたけど、胃で暴れだした	1	0
大量の冷凍野菜ゲット	1	1
サンリオの列車めっかわ	1	2
モラハラ先輩いきなり仕事をしなくなる	1	1
どこも冷房強すぎる	1	1
ほんとにカレンちゃんが好きすぎる	1	2
LIMINE10パーセントオフが私を狂わせた	1	2
コロッケだと思ったら、メンチカツだった時の喜びたるや、やれ嬉しや	1	1
ブルゾンちえみみたいに無駄にスカした写真撮りてえ	1	1
ちょっくら軽井沢行ってくる	1	2
みっくちゅじゅーちゅ、夏終わりに聞いて最高なことに気づいた	1	0
今にいきませう	1	1
てか、久しぶりに開いた	1	2
叩く機会つくろうかな	1	1
ヴァンヘイレンまだ65歳だよ、、、	1	1
受かったぞあああああ	1	1
遅延しすぎ。新幹線は遅延したことなかったぞ頑張れよ電車。	1	1
カーペンターズが好きだと気が付いた。	1	1
控えめに言って鰻食べたい。	1	1
稲川淳二何言ってるか聞き取れなくて全然怖くないのって私だけ？？？	1	1
昨日の朝のニュースで、150人乗ったトラックと電車が衝突っていう見出しがあって混乱してたんだけど、あれ完全にミスだろ。	1	1
今日えらい疲れてるなあと思ったら2万7千歩超えてた、納得した。	1	1
おばあちゃんに席を譲られたんだけど…えっと、妊婦に見えた？？、、？(混乱)	1	1
今、多分日本で3番目くらいに動揺してる	1	1
今まで、唯一ファンレターを送ったことがあるのがさくらももこさんなのでかなりショック。	1	1
今だけはカラオケでオレンジジュース片手に大騒ぎしたい気分。	1	1
初めて地震の通知が鳴ったんだけど、あの音でかなり怖さが増す。心臓に悪い。	1	1
何が、これからのご活躍をお祈りしていますだよ?。\nどうでもいいわ?。	1	1
多分私今年の世界一断捨離苦手で賞ノミネートされるな。	1	1
体調管理も業務の責任範囲って言われてもさ、\n\nこっちも健康状態の時と変わりなく普通に生活してたら急に喉痛くなって熱出たんですよ。好きでウイルス採集してる訳じゃないんですよ。\n\nそもそも極寒の外での仕事で風邪引いたんでむしろ責任取ってくださいと言いたい。	1	1
?が達成できるまで固形物食べれないって決めたけど終わりが見えないから餓死しそう。	1	1
最近急に吐いたり、吐くまではいかない吐き気が急にくるのが本当にもうアルコールもダメになったし胃に優しくし接しよっと。	1	1
今猛烈に、ちょっと素朴な味のバター風味クッキーみたいなのが食べたい。	1	1
うるせえやってらんねえよ！って小室さんもやけ酒してるのかな。	1	1
熱が出ないインフルについて詳しく聞きたい	1	1
このタイミングで、レタス系統の生野菜食べると気持ち悪くなる事が判明した。好きなのに身体が受けつけないのはキツイ。	1	1
お金がないのでそもそも覚醒剤に手を出すことが出来ない。	1	1
どこでその人が降りる予定かパッと見てすぐわかる札とかが電車の席上にはあるべき。\n足が死んでる人には助かる機能。	1	1
真面目な社会人なので22時代には布団の中	1	1
年パスをついに買うかもしれない	1	1
タバコ休憩あるならお菓子休憩作れってみんな言ってます。	1	1
東京テレポート駅目指してたのに気がついたら武蔵小杉にいて遅刻確定。	1	1
迷子のプロなので、訪問行くたびにこの先も迷い続けると思う。グーグルマップ以外の良い地図誰か教えて。	1	1
せっかくの休みなのに、順番にホテルで殺される夢を見て疲れた。\nしかも最後に私はドラゴンに宇宙まで飛ばされたっていうすごいチープな完結。	1	1
自分も勿論周りも皆んな電車でスマホいじるけど、スマホがなかった時代って電車でみんな何してたのかしら	1	1
誘拐の時に口を塞いで縛るみたいなシーンよく映画とかであるけど、鼻詰まってたら普通に呼吸できず死なないの？って鼻が詰まるたびに考える	1	1
隣のひとのくしゃみもアラームも聞こえるなんてなんて素晴らしい家なの？	1	1
土日の出勤＝死ってネットでよく見るけど、病院勤めの友達は台風だろうがなんだろうが、その子が出勤しない＝患者の死　になってしまうから出勤しないほうがいいとも言えず苦しい。	1	1
ハロウィンのギャル、いいねえ?。\nもっと谷間出してスカートの丈短くしてこ。\n見えないギリギリエロラインで攻めて欲しい。よい。	1	0
よく考えたら1時間で5千円稼げたじゃんラッキィ?	1	0
久しぶりに仕事でわくわくわくわっしょい。これ成功させちゃったらそれ以上のこと出来なそうで仕事辞めそうなレベル。	1	0
髪の毛15センチ切って、人生初のショートにしたけど、このままずっとショートでいる気がしてきた。\n毛がないのってラクだから全員にオススメしたい。	1	0
今日は12分間ブチ切れられまして、怒の感情がどれだけ無駄かわかりました！日本語が通じない吉本の社長に似た感じのおじ様って一定数いらっしゃるよね！M1のキレられ芸なのかっていうくらい全部にキレられて笑ってしまいました！本当に皆んなハッピークリスマス	1	1
１０万円自由に使っていいよって言われても買い物する気にならん日??。\nショッピングがストレスになる日とならない日の比率4:6。\nブランドのロゴ、ランダムに全部張り替えたら皆違い分からないんじゃない？って思っちゃう\n\nハイブランドを選ぶ理由が高いから意外わからん日や?辛い?無印良品でいい	1	1
色んな洋服屋入って思ったけど、細くて可愛かったら何でも似合う。\n細くて高身長なマネキンが似合う服が自分に似合うと勘違いしたら負け。	1	1
貞子見て思ったけど、幽霊って大体黒髪のロングヘアだから、茶髪のショートヘアにしてたら幽霊にならずにちゃんと成仏できる気がする。\nココルルとか着てる金髪の幽霊とか居ないの？ギャルは未練なく成仏するの？色々気になる	1	1
会社の40代の先輩様が、\n「冷蔵庫のハーゲンダッツの抹茶がない！私取っておいたのに！事件だー！」\nって騒いでたけど、まあまさか私が食べましたとは言えなかったよ。何週間か置いてたから忘れてるのかと思っちった。テヘペロ。そのアイス私の友達が差し入れでくれたやつだしまあいいだろう！黙っとこ	1	1
人生を豊かにするために、なんでもやってみたら良いんじゃないですか。って一言、しっかりぐっさり刺さりました。いつ死ぬか分からないからね毎日豊かにしなくちゃな??。	1	1
反社の人って判断なんて不可能に近いんだから反省しなくていいよって言いたくなるな	1	1
パラサイト見たけど、何より一番衝撃を受けるのは留学に旅立ったあの友達だと思う	1	1
社長の前でプレゼンする日でも化粧をしない女の子へと成長してしまった。	1	1
小中高大とあまり恋愛ドラマや俳優とかにも興味なく過ごしていたけれど、社会人になってから恋愛ドラマ見ればトキメくし佐藤健のラインにもまんまとハマってるしこの先大丈夫なのだろうか。	1	1
薄ムラサキ色のサングラスして、タイトなジーンズ履いてるイケイケな感じの金髪のお兄さんが、めっちゃ笑顔で改札で手を振ってて彼女に振ってるのかなと思ったらおばさんで、たぶんあれはお母さんだったしめっちゃ心が和んだ。	1	3
今日は、ジョンレノンが隣の横並びの席にいて一緒に写真を撮って欲しいとお願いしたら３枚で５万円と言われ、それが高すぎるのか普通なのか分からず母親に相談する夢見たな。\n\nナニコレ	1	1
自分の身長と同じサイズの傘持ってる3歳くらいの子がいた可愛い子供欲しい4人くらい。	1	0
子供四人くらい欲しいんだけど、無痛分娩の体験談聞いてるだけでも麻酔とか血の話を聞くと血圧下がってきて気持ち悪くなってくるから、先が思いやられるナ。	1	1
料理が苦手なんだけど、昨日頑張ってハンバーグと鳥の照り焼きとブロッコリーとツナの和え物とオクラとみょうが和え作ったら3時間半以上かかった。料理できない人が成長する過程のチャンネルでも作るか?！！\nレシピ通りに作ったら真っ黒なやばい塊出来きるし、料理は化学って本当だね。＾＾	1	1
コロナの今の時代、ウォーキングデッドみたいなもん。ゾンビにならないだけで。	1	1
仕事も恋愛も、はじめは感じなかった違和感を覚えると、それから段々崩れていく気がする。かといって、違和感がゼロのその対象が見つかるかどうかは分からないから切り替えようってなるのも別の話な気もするよねきっと。そんなことよりうちの猫が可愛く撮れた。	1	1
個人的には、ロックダウンでOK\n\n\n\n\n	1	0
誰か土日オンライン飲み会しよ\n\n今しか無さそうだしやってみたい\n\n\n	1	1
昔から金曜ロードショーがジブリだとその週はワクワクだし、今もジブリジブリ?って言う気持ちだけで仕事後少し頑張れる	1	1
1万体の死体を見たらみんな危機意識持つのかな。イタリアの状況、他人事じゃないよな。在宅勤務強く希望って申請した。良く考えたら肺炎過去に2回くらいなったことあるし、気管支弱い人だったワタシ。	1	1
明日から急に、お店に物が並ぶ姿が見られなくなるかもと思ったら寂しくなったので駅でお惣菜を二つ買った。	1	1
(整形否定派ではない)\n久しぶりにオフィスで見かけたお洒落で鼻高くて目が切れ長で私のタイプのおば様がナチュラルではあり得ない二重幅になっててショックだった。推しの顔がタイプじゃなくなり推せなくなった寂しさに近い。鋭いけど笑うとなくなる目が好きだった、でも彼女が幸せならOkです\n\n\n	1	1
なんか、あれじゃない？地球がもうそろそろ終わり\n\n迎える時期なんじゃない？\n昨日の熱は下がり一旦ほっとしてる。	1	1
微熱が３日ほど続いているのと肺炎経験者で弊社から感染者出たから、東京の相談センターに電話したけど、検査対象者の基準も、過去に検査した人はどういうルートだったのかも、すべての質問に”分かりかねます”と言われた。唯一言われたのはかかりつけの病院にまずは電話してから行ってみてください。	1	1
もしも今都市直下型地震とか来たら、ニホン、ジ、エンドだろうなあ。	1	1
よーし4キロ太ったから6キロ痩せよーっと。	1	1
はいかいいえで答えられる質問をしてるのに、それ以外の長ったらしいことしか回答しない人ってどうしちゃったの？\n仕事スムーズにさせるために、はいかいいえで答えられるようにしてるのに、本当に無駄な時間になってしまうよこれだと社会人歴30年目くらいなんだからしっかりしてほしいなっ\n	1	1
アビガンは、奇形児が生まれる確率がグッと高くなるから子供産む予定の人は飲まない方がいいっていう情報を最近得た。\nこのコロナを経て、”人はどう情報を得て飲み込むのか”がいかに 重要かがわかってきた感がある。	1	1
ずっと家にいたら頭おかしくなってきた、笑笑\n\n	1	1
ちなみに同じ学科にも森高千里的存在の私の推しの美人が1人いて今でも可愛かったなあって思うし、本当に写真集とか買うレベルだし体育で同じになった後輩の女の子もめちゃ可愛くて、はあ可愛いってずっと気になってしまっていた2人とも仲良くなりたいとかじゃなくて斜め後ろの席から眺めて(キモいな私	1	0
もっとこうしたらいいんじゃないかとか、このままだとこういう点において〇〇が良くないんじゃないかっていう案とかは何も考えずにpompon浮かんでくるタイプなのは特に鍛えたわけでもないから、神様ありがとうよかったよーって感じ。\n\n	1	1
明日からついに断食5日間。\n前回は色々あり準備食で断念したけど、今回こそ頑張る。\n明日以降狂った投稿があってもそれは乗っ取りではなく単に腹減りで頭狂ったワタシなのでご安心くださいませとか言っちゃったりして。すでにフレンチトーストが恋しかったりして。あとチャーハンも食べたかったりして	1	1
家にあるものは詰めておいた。\n生きてきた中でここ数週間が一番地震多い。	1	1
昨日から蚊を見るけど、コロナは血液感染はしないよね\n\n\nもしするなら、、たーーいへん。\n\n	1	1
AKB48の大声ダイヤモンドとマジスカロックンロールを聞いてJC時代を思い出した…\n\n男子が他中のやつと放課後タイマンするって言ってた時はこの世界はドラマかよって思ってたな\n\n治安の良い学校に自分の子供は通わせたいもんだ\n\n	1	1
安倍さんの会見は疲れる。シンプルに簡単な言葉で分かりやすく伝えるっていうことを徹底してほしい。丁寧な言葉なんだろうけど、?であります。など語尾が長い文章をゆっくり話されると聞く時すんごいストレスかかる。仕事でも思ったけど、え?がやたら多い人とか語尾に特徴があるとそこしか入ってこん	1	1
もうとりあえず、塩バターポップコーン食べながら映画見て爆笑したい	1	1
アベノマスクまだ届いてないけど、百均でもスーパーでも普通に売ってたことは黙っておこう\n\n\n マスク関連に結局いくら国のお金が使われたんでしょうか。これ100年後に笑い話になるなきっと\n\n\n	1	1
ちょうど1ヶ月半で3.5キロ落ちてたけどペースとしてはまずまずじゃないこ\n?あと1ヶ月半で4キロ…	1	2
ねえ待って無理猫と暮らしたい。\n猫…ねこぉ…。\n猫がトップになれば人類は幸せになるってくらい猫は偉大。	1	1
髪の毛の色とか肌の色とか目の色とか、各自好きなように変更できるで良くない？別に白人になりたくて美白目指してるわけでも黒人になりたくて日サロ行くわけでもないだろう…\nこんな風に変わっていくとはなぁ。	1	1
ねえ誰かさ、ビールと枝豆用意してさ、堀北真希のイケパラオールで一気見してキュン死にしない？\n大塚愛のpeach聞いたらもう中津ロスになった。\n\n	1	1
自分がどれくらい方向音痴かというと、二回曲がったら最初の位置から見てどの方角にいるのか分からないレベル。\n\n逆にわかる人って訓練してんの？って思うくらいセンスがない。	1	1
ちなみにコロナは、血液感染しない？\n\n蚊の季節大丈夫？	1	1
としとって涙もろくなったからか、\nもののけ姫は開始8分くらいで涙が目に溜まったけど、ジブリの過去作品を映画館で見れたのは最&高でしかなかった。目の瞳孔の動きとかまで初めて見れて、良きでした。	1	0
Facebookで１枚目の投稿を見たので自分でも調べてみた。\n厚生労働省が出しているサイトを見たら通常の季節性インフルエンザでの死者数が日本で約1万人。\n\nコロナでの死者数現在981人。\n\n圧倒的に季節性インフルエンザの方が驚異じゃないこれ?数字に強い人教えてほしい。これでもコロナは脅威なの？？	1	1
なんでメディアがそんなに毎日数値で煽って(?)くるのか分からなくなってきた??\n\n通常季節性インフルのが10倍の人数死んでるなら毎年そっちの陽性者数を報道したらいいんじゃない？？？\n\nコロナのが感染力は強いんだろうが、軽症で終わる人が多いなら最早風邪みたいな存在なんじゃないのか分からん\n\n	1	1
最近全然眠くなれない。\n昼寝してないのに目ぱっちりすぎて質問力のYouTubeみてしまってるけど、さらに逆効果なんだよな?これが\n\nみつを	1	1
城田優が行方不明の女性を探してて、なぜか私と友人も一緒に探すことになり、夜は良くわからない公園で3人で川の字で寝っ転がって起きたら城田優は消えてて、私は狼とかもいる怖いエリアを探すという変な夢見た。\n城田優、めっちゃいい人だった。	1	1
この3年が楽しみ超楽しみ。\nんも?最高の気分。\n\n身体は動いてないのにテンション上がって心拍数上がるこの感じ久しぶり。	1	0
ひっっっっさしぶりにテレビつけてみたら、藤井聡太さんのご飯についてスーパーJチャンネルで放映してた。\n\n試合中何食べてても、どーでもいい笑\nテレビ離れ加速しそう\n\n\n\n“途中で冷たいお茶を要求するも、入れてから五分の熱いお茶を先に飲んだ”\n\nとか何のために言ってる？？？？？？？	1	1
コロナばかりに目がいきがちだけど、毎年他のことで結構な死者数出ている。\n\nそして皆様気をつけて\n\n	1	1
トトロ?トトロ?\n\n	1	2
整形賛成派だしその人がやりたいならやればいいと思ってるけど、その人の顔が個人的推しだったり、笑った時の顔が可愛くて好き??って密かに思ってた場合、なんかこう(2度とあの顔が拝めないのか…笑った時の顔が前と違う…)っていう隠れファンとしての自分みたいな感情が生まれてしまうの私だけ？	1	1
コバエシネ	1	1
食欲不振になったこと人生で10回もない気がする	1	1
明日から新しい試みを開始。\n一見そこで終わりに見えるけど、ほかに繋げていく?。\n\nわくわくのわく。	1	2
小さい時に悪だと教わるとその感覚から中々離れられない気がする、不思議。\n\nお酒で失敗してる人沢山見たことあるから、それを思うとマリファナのがましなのかもと思う?試したことないから何とも言えないんだけど\n\n	1	1
今日美人のメイク動画みたけど、全然参考にならなかった。\n\nすでに眉毛も何もかもすっぴん時に出来上がっていた。	1	1
教習所で登り坂で赤信号とかで止まった時はニュートラル(N)に入れて待つって習ったの私だけ？\n\n誰か同じように習ったひとおらんかな、、、お願いいたらリプでも何でもいいから教えて、、、。\n\n今のところ誰もいない。\nNの使い方知ってる人も少ない、、	1	1
かわぃいかわぃいかわいい尊死レベルで可愛いのきた！\n\nでも専属でMKちゃんに写真販売してるから載せるの我慢しないと\n\n	1	1
祖母の世代とのお金の価値観にすんごいもやっとする。笑\n\n稼ぐこと、儲けること＝悪\n\nって染み付いていらっしゃるんだなぁとしみじみ	1	1
スマホが残り充電1パーになってから音楽かけっぱなしで2時間以上もってたんだけど、iPhoneって1%になると火事場の馬鹿力出してくるみたいなのない？うちの子だけ？	1	1
初めまして！WEBライターの竹内優実です。1日1ツイートずつ呟いていきたいです。	1	0
webライターをやっている方たちのツイート本当に参考になります。本とかwebの情報だけじゃなくて生の声の大切さを感じました。	1	0
WPでサイト作り。ようやく、記事作成に着手。なかなか進まないけど、1週間で1記事を続ければ365日で50記事。3日で1記事を続ければ120記事。コツコツ頑張って良質なページを増やす！	1	1
安倍首相の辞任にびっくり??	1	1
かけた情けは水に流せ。受けた恩は石に刻めスーパーボランティア尾畠さんの言葉。私もこういう生き方がしたい。	1	0
メルカリで間違えて送られた商品。無事に出品者から連絡が来て返品完了！匿名配送だったのに、結局お互いの住所を教え合うこと	1	1
午前中はデータの検品作業。1日の作業量を決めてやってるせいか、意外と楽しい。会社員時代も新システムのエラー見つけるのが得意でPGさん達に嫌がられてました笑	1	1
先月の収入が良かったのでまた今月も！とつい意気込みがちに。欲を出さずにあくまでも家庭と子供達優先で働こう。	1	0
割と見る機会の多いブロガーさんのアンチスレを見たら、「普通は〇〇すべき！」「〇〇しないなんておかしい！」「なんで〇〇しないんだろ？」みたいなコメントが溢れてた。迷惑をかけられている訳でもないのに。個性を許さないアンチの思考回路が理解できない。	1	1
執筆50％終了！今日の目標はあと、小説執筆とサイト記事1500文字だけ！子供達が、そろそろ帰ってくるから今度は家事＆育児モードに切り替え！！	1	0
3歳次男がハマっているUNO（ウノ）初めは私とペアでやったり、3枚めくって良い忖度ルールだったけど、いつの間にか、一人で完璧に出来る様に。子供の飲み込みの早さにびっくり。	1	2
今日のノルマ完了！記事も1本納品出来たし自分的には上々です。これから子供達の寝かしつけ。最近「おしりたんてい」シリーズのエンドレス……	1	0
今日は2つ仕事終わらせました！クライアント様の確認は休み明けかな。	1	0
リード文完成！我ながら惚れ惚れする文章ができました！この後、アイロンかけ、風呂掃除、子供達のこまごました休み明けの準備してから、また依頼作業に入ります！せめて休み中に1/3は終わらせたいなー。	1	0
カタカナの「メ」短い方から書くとずっと思ってた……。6歳に指摘されるアラフォー……。	1	1
ランサーズで高額だけど、ちょっと「ん？」と引っかかる所がある案件。やはり評価の多い人達は応募しませんね。新規ユーザーばかりが応募している案件はちょっと注意が必要かも知れません。	1	1
いまだに来る情報教材の勧誘……。「確実に稼げるのは時間制のバイトです！今は人手不足のコンビニがおすすめ！」とか冒頭に書いてれば、まだ信ぴょう性あるかなー。30万とか払う人いるのかなー？？？	1	1
記事1本終わりましたー！\n5,000文字だと、1日2本が限界……。\n\nもっと執筆速度を上げたいです。\n夜は依頼作業を頑張ります！	1	0
記事1本納品しました！自分が書いてて楽しく感じる記事は、執筆スピードも上がります。コピペチェックも10%台。自信満々で納品できました。	1	0
記事の執筆。文字単価に目が行きやすいですが、私は「自分なら何分で執筆できるか?」と時給換算してから応募します。単価が高くても苦手ジャンルなら時間がかかるし、得意なジャンルならそれほど労力が要りません。私の場合、得意記事は0.8円。苦手記事は1.5円位で大体同じ時間になります。	1	1
失敗をした時は、やってしまった過去の自分を後悔するのではなく、「未来の自分に同じ過ちをしないように、『気付き』を今与えてくれたんだ」と感謝するようにしています。失敗しても落ち込まず前向きに生きましょう??	1	1
子供達の手が離れたら、沖縄で一ヶ月くらいアパート借りて、在宅ワークやりつつ、のんびり過ごしてみたい。	1	1
今日はお茶がてらに少しカフェでお仕事しようかと目論んでます。旦那には馬鹿にされますが、カフェでパソコン（Mac）憧れます。Mac持ってないけど。	1	2
天気が良いから出掛けたいと思ってても、なかなか準備が出来ないー。	1	1
Twitter、初めは少し抵抗があったけど今は毎日呟かないと落ち着かなくなりました。	1	1
最近、兄弟喧嘩が勃発しても仲裁に行かないことが多いです。変に介入するよりも当人同士の方がすぐに解決することの方が多いです。	1	1
お天気が良いと洗濯も捗ります。最近、浴室乾燥機の電気代が一回80円近くかかることが分かりました。コインランドリー行くよりは安いけどやっぱり高い。	1	1
同級生の子供たちが小学生で英検2級とか漢検準1級受かったっていう話を聞くと、ちょっと焦ります。長男はまだ1年生だけど、もっと色々させた方が良いのかなー。	1	1
久しぶりに家族四人で出かける予定が、長男のわがままで夫＆次男と私＆長男に別れる事に。子供たちの行き先の希望が異なる時は、こうやって分断される事が多々。教育上どうなんだろう。	1	1
在宅ワークやる前に必ずラジオ体操をする様に。肩こりがラクになりました。	1	0
お昼何にしようかなー。子連れだといつもマックかファミレスの2択になってしまう。	1	1
長男がユニクロに行くと嫌がるー。時間かかるからかな。	1	1
長男と二人ランチ。結局、長男リクエストではま寿司になりました。近所のペッパー君はクビになってたけど行った店舗のペッパー君はまだクビになってなかった。何の基準なんだろう？？？謎。	1	1
最後にお皿に残った一つを「遠慮のかたまり」と言うんですよね。以前働いていた会社で、「僕は親に『遠慮のかたまりを堂々と食べる人になれ』と言われて育った」と言っていたすごく仕事の出来る人がいました。出来る人は意識も違うんだなと感じました。	1	1
長男6歳。次男3歳。長男は味噌汁の具だけ食べ汁は残す。次男は味噌汁の汁だけ飲んで具は残す。何故？？？同じ様に育てても兄弟は本当、違ってて面白いです。	1	1
アドラーの「嫌われる勇気」ずっと生きづらかった私の人生を大きく変えてくれた本です。生きづらいと感じる方、人間関係に悩みのある方におすすめです。	1	0
長男がお小遣いで購入したレゴマリオのキャラパック。キャラが被って半泣き。私が被ったキャラを半額で引き取ってメルカリで売るという案で、残りのお金で再挑戦。無事に違うキャラが出て、長男はホクホクだけど教育上どうなんだろうな・・・。	1	1
ダイエット中なのに、子供の食べ残しをつい食べてしまうー。食べ切れる量がいつも違うから困る。もっと少な目で出すべきかな。難しい。	1	1
今日行ったデパートのレジ。新人らしき人が何かミスしてしまって周りの店員さん達に助けを求めてたけど、皆んな忙しいのかスルーしてた・・・。何か一言声かけてあげれば良いのに。見ている方が悲しい気持ちになってしまった。	1	1
鬼滅の刃。私個人はすごく好きで面白い漫画だとは思うけど、まだ幼児と小学校低学年には早い気がするなー。子供って良くも悪くも本当に単純だから、影響力半端なさそう。戦隊モノでは手や腕はちぎれないからなー。	1	1
鬼滅の刃を子供に見せるのは躊躇するけど、結局ドラえもんだって暴力シーンあるし、むずかしいなぁ。ジャイアンの影響でうちの次男も「ぶっ飛ばすぞ！」とか言ってたし。	1	1
さっきお会計したファミレスの店員さん。無愛想でも笑顔無くても良いけど、「ありがとうございました」位は言って欲しい。	1	1
ランサーズの依頼作業。納期は11月明けですが早く渡せそうです。良かった！	1	2
ちびまる子ちゃんやドラえもん。自分が子供の時に見ていた番組を子供が見ていると不思議な気持ちに。歳を取ったなーとも。	1	2
悩んでクヨクヨしてる時。「一ヶ月後にこの出来事を覚えているか？」と考えます。大体は一か月後には忘れてる出来事なんだから、今悩んでも仕方ないと思うようにしています。	1	1
さぁ、夕飯作らないとー！	1	1
人の顔を覚えるのが病的なほど苦手。道端で挨拶されると緊張してしまう。とにかく笑顔は絶やさない様にしています。	1	1
長男に白髪を抜いてもらおうとしたら、髪の毛を散々いじり回した後に無言で去っていった。面倒だったのかな。自分で染めると染め残しが出てしまうー。	1	1
Amazonプライムのバチャロレッテ。まだ途中だけど、福田萌子さんにすごい憧れる！！カッコいいなー。ストイックな人って見てて気持ち良い！	1	0
夫がまた来月の旅行を計画してるみたい。方向音痴なのでいつも旅行行程はお任せ。本人もノリノリだしね。	1	2
ママ友は隙のない完璧な人よりもちょっと抜けてる人の方が親近感が湧きます。私がボケボケなので。	1	1
おはようございます！今日も在宅ワーク頑張ります。●依頼作業20件データ精査して納品までいけたら！あっという間に10月終わってしまいそう。早いですね。	1	0
朝寒くなると布団からなかなか出られない。15分になったは起きようかな・・・。	1	1
年末年始17連休の案。良いんだけど、世のママ達の家事育児が大変そう。。。	1	1
17連休＋10万円支給にしたら、かなり経済潤いそう。	1	1
最近次男3歳が泣きながら起きなくなって成長を感じる。てまもちょっと寂しい気持ちも笑	1	2
Twitterの予約機能。アプリでできるので知らなかった！	1	1
中学時代の友達と久しぶりに会う日。久しぶり過ぎて顔が分からなそう笑笑	1	2
子供達の成長は、外食すると良く実感できる。「子供椅子無いかなー」「お子様メニュー無いかなー」「スプーンとフォーク貸してもらえるかなー」6歳長男はほぼ心配無し。3歳次男もスプーンとフォークの心配くらい。2人とも成長したなー。	1	1
私が思うママ友と知人の定義。休日や平日21時以降でも気軽にLINEで質問が出来るか。ある程度、仲良くないと躊躇しちゃうかな。	1	1
久しぶりに中学の友人とランチ。ママ友以外と喋るの久しぶりで楽しかった！！歳を取ると昔からの友人の有り難みを感じますね。	1	0
空きっ腹でコーヒー飲むと気持ち悪くなるのかな。カフェイン好きなのにたくさん飲めないの辛い。ノンカフェインも量飲むと気持ち悪くなるし。	1	1
幼稚園のお迎えの時間。あっという間に来てしまう?。延長保育利用したいけど、長男も次男が断固拒否。行けば楽しいと思うんだけどなー。	1	1
ランサーズで心がけている事。とにかく疑問点は質問。単純な事だけどちょっとでも「？？？」と思った事は何でも質問しています。細かく説明してくれるクライアント様も、ザックリ回答のクライアント様もいますが、どちらにしても質問した方が良いです。初めは聞きづらいかも知れませんけどね。	1	1
Twitter、1日どの位ツイートできるんだろうと思い調べたら400件位までいけるらしいです。そんなに呟くことあるんだろうか・・・。	1	1
今日、幼稚園に行く途中に狭い道に無理やり入ってきた車。「危ないなー」と側道に避けたら、一緒にいた次男が「どーぞ。どーぞー。全然どーぞー」と手を振ってて和んだ。	1	2
服を買おうと色々回っても結局、ユニクロで買ってしまう。クローゼットがユニクロだらけ。	1	1
友達が今年から年賀状辞めてLINEにするらしい。私も毎年悩んで結局。年賀状出してるけど、思い切ってLINEに統一しようかなー。悩む。	1	1
幼稚園でママ友できるか心配してたけど、そこそこ楽しく交流。小学校ではママ達と会う機会が無さ過ぎてびっくり！小学校違うママ達とは連絡取り合わないと一気に疎遠になりそう。	1	1
3歳次男。まだ旅行中や遠出する時はベビーカー乗せてるけど、何歳くらいまで大丈夫なのかな。持ってるベビーカーの規定は20キロまでだけど、そろそろ卒業させたい。	1	1
昔はWi-Fiあるファミレスが珍しかったけど、今はWi-Fi無いと珍しいと思ってしまう。	1	1
早く寝ても遅く寝ても起きる時間は同じになってしまう。	1	1
スマートウォッチ欲しいけど使いこなせるか心配で買うのを躊躇してしまう。	1	1
たまに1人で電車に乗ると「いつも何してたっけ？」と手持ち無沙汰になってしまう。	1	1
店員さんの接客態度があまりに酷いと「帰ったら苦情メールしてやる！」と思いますが、大体帰宅すると忘れてる。その程度の沸点。	1	1
昔少しだけやっていたNaverまとめ。見込み額が416円で振り込み可能みたいだけどいつ確定になるのかな？？？申請忘れそうな人多そう。	1	1
コーヒーは好きだけどカフェインが苦手。なのでジョナサンのカフェインレスコーヒーは有難い。ガストやバーミヤンでも出ないかなー。	1	2
コロナの影響で営業時間短縮で11時開店のお店。仕方ないけど、幼稚園のお迎えまですぐだし、せめて10時開店にして欲しいー。	1	1
私が思うママ友の定義。「○○いる？」の質問に即答で「欲しい！」と返せる関係。	1	1
6歳長男と3歳次男の仲良い時と喧嘩中の温度差が激しくて疲れる。仲良い時は本当に微笑ましいんだけどなぁ。	1	1
30分在宅ワーク→30分家事を繰り返してるとあっという間に夜になる。あまり疲労感も無いしおすすめです。	1	1
昨日の夜はブログのタイトルフォントを少し変えるだけで1時間かかってしまった。でも前よりスッキリして満足。	1	1
おはようございます！今日は、依頼作業を進めるのと、ランサーズで何件か提案をします。提案（滅多に無いけど）全部が通ると作業量がオーバーするし、かといって全然提案しなくても収入が無くなるし調整が難しいです。	1	1
運営サイト。ランサーズでのアピールにもなると思って意識高い系目指してたけど、やっぱりゆるゆる系に。無理しないでコツコツ行く方が、私の性格にはあってるかな。意識高い憧れるけど。	1	1
夫が家族の予定を把握しない上に、「11月の予定送って！」とか急に言ってくるので、TimeTreeを導入。カレンダーを共有化した。それでも！見ない！入力しない！でも「予定教えて?」て聞かれた時に確認してもらえるので多少はラクに。仕事の予定でいっぱいいっぱいなのかな。	1	1
宅配装い強盗怖すぎる	1	1
お互いFF外の人にコメントしたい時の導入にいつも困ります。「はじめまして！」「FF外から失礼します！」「突然のコメント失礼します！」とかやっぱり付けた方が良いのかな。	1	1
幼稚園でまたお手紙交換が流行ってるらしい。長男の時は流行り出した頃1通ももらえなくて凹んでた。今回も次男もらえてないけどら「へぇーまた流行ってるんだ」と思える位に。	1	1
懸賞やろうかなと思ったけど、宅配装い強盗のニュース見ると怖くなってしまう。依頼してなくても「当選？」と思って開けちゃいそうだ。	1	1
コッタのパンキッド。当たる気満々だったのに、外れたー。またやらないかなー。	1	1
「母は強し」って言うけど、「自分が強くなるか」「自分が潰れるか」の2択しか無い気がする。子供にまつわる書き切れない様々な出来事。精神的に強くならなければとてもじゃないけど無理！！	1	1
あすけん。せっかくプレミアムにしたのに、いつもカロリーオーバーになってしまう。ちゃんと節制しないとな。	1	1
ランサーズ。提案数が30以上の案件に選ばれると嬉しいですね。提案文は文字数は気にせず、かなり熱く記載してます。	1	1
警察犬。無事に見つかったみたいでよかった！	1	0
子供の宿題の音読。ちゃんと聞いてないと文を飛ばして読む。ずる賢い事ばかり考えるわ。	1	1
料理中だけど横で全裸の次男がバスボール握りしめて待ってる・・・。圧がすごい。	1	1
家事のやる気スイッチ。誰かに押して欲しい?。	1	1
1週間の速さが光速なみに早い。あっという間に年末になりそう。	1	1
クラウドソーシングあるある。なんだかよく分からない依頼内容だけど報酬が高い。なんだかよく分からない依頼内容なのに応募数が多い。そして数日後、突然の依頼キャンセル。	1	1
SNSはいつ身バレしても良いと思ってやってます。前にブログバレした人の話で「元々バレても恥ずかしくないブログを意識して書いてたから、ノーダメージだった」とあり、なるほどなぁと思いました。	1	1
今テレビに出てるタワマン強盗被害者の人。素人じゃない感がすごいと思って見てたら元タレントさんだった。	1	1
やっぱり宅配便は今度から外に置いておいてもらおうかな。犯行の様子が怖すぎる。	1	1
カフェで在宅ワークの仕事するの憧れるけど、家とどっちが効率良いのかな。	1	1
幼稚園時代。お友達の誕生パーティーで仲間外れにされ泣きながら母親と帰宅。その記憶が強く私は「幼稚園では友達が少なくて上手く遊べない子だった」と思ってた。最近、母親がたまたま当時の日記を見せてくれた。実際は沢山のお友達と毎日のように遊んでた事に衝撃。記憶って不思議ですね。	1	1
年賀状、今年こそ辞めようかなぁ。皆んなLINEやってるし切り替えても問題なさそうだけど。	1	1
子供の寝かしつけ。子供が寝たらあれやって、これやってと考えてるうちに、いつも寝落ちしてしまう・・・	1	1
GOTO eat予約してみました！土日は結構混んでるみたいですね。ポイントちゃんと付くのかドキドキ。	1	1
記事執筆は正解が無いから納品後はいつもドキドキです。その点、集計や検品作業は答えが分ってるいるので多少は気が楽です。	1	1
株とか投資とかやってみたいけど、怖い気持ちも。人に教えられる位理解しないと怖いだろうなー	1	1
夕飯はなんだかやる気がなさ過ぎてガストに来てしまった。ダメ主婦だ。	1	1
子供達が楽しそうだからいいか。	1	1
次男のお弁当。レパートリーほぼ毎回同じだ。。。	1	1
ずっと売り切れてたクリエイトの除菌ティッシュがようやく買えた！しかも個数制限無し。良かった！！	1	1
子供達の兄弟喧嘩。怒り方が私にそっくり。はぁ・・・。	1	1
インフルエンザ の予防接種早く予約しないとな。	1	1
やる事が沢山あるのに、子供とエンドレスUNO・・・	1	1
子供達とUNO。早く終わらせる為に常に本気。	1	1
シカゴの映画。またAmazonプライムでやらないかなー。	1	1
最近夫の帰りが遅いー。テーブルカバー買おうかな。	1	1
次男が幼稚園入ってから、長男の分も含めて予定がワケワカメ。しっかり管理出来てるママ尊敬する。	1	1
今日は水曜日のダウンタウンやるんだ！見なければ！！	1	0
デンマークダイエットで友達が痩せてた！やりたいけど、日曜日に予約した焼肉食べ放題終わってからだな。	1	1
久しぶりに覆面調査応募しようと思ったけど、狙ったお店の予約が取れなくて断念。	1	1
デンマーク式ダイエット気になってブログ検索したら、2日目で更新途絶えてた。やっぱりキツイのかなー。	1	1
おはようございます！今日は、●依頼作業→20件●記事執筆→情報収集●ブログ→1000文字追加です。昨日は色々怠け気味だったので今日は頑張ります！	1	1
ここ最近気になっているデンマーク式ダイエット。リバウンド率も高いらしい。やる理由を見つけるのは簡単だけど、やらない理由を見つけるのはもっと簡単。迷うならやるべきか！	1	1
寝起きに甘えてくる次男が可愛い。	1	1
お買い得！と思って買ったステキな服も管理が下手すぎていつもヘロヘロに。洗濯に強い服の方が結局コスパが良い。	1	1
朝、着替える前にヨガ&ラジオ体操をやるように。肩こりが少し楽になったかな。	1	1
子供が用意した水筒忘れてるー。	1	1
図書館にも行って本を返さなきゃな。割と近いのでつい返却が後回しになってしまう。	1	1
子供に水筒届けて、図書館行って、買い物しに行かなければ！	1	1
少食だと思っていた長男。大盛り蕎麦をペロリと食べてた。中学生とかになったらすごい食べるんだろうなー	1	2
今日は天気が良いので外出がきもちよいです。秋晴れ良いですね。	1	2
今週末もどこも混みそうかなー。	1	1
図書館の駐輪場の人。すごい態度が横柄だったけど、色々言われて大変なんだろうな。	1	1
芸能人のひき逃げ。車乗らない選択肢は難しいのかなー。	1	1
小学校に熊とか怖すぎる	1	1
鬼滅の刃の年賀はがき、受注発注か。人気出そう。予約しようかな。	1	1
子供に水筒届けに行ったら嬉しそうでした。私も子供の様子を見れて良かった。	1	2
野菜安かったから調子に乗って買い過ぎたー。重い。	1	2
IKEA久しぶりに行きたいなぁ。遠いけど定期的に行きたくなる。	1	1
IKEAのシナモンロールが食べたいー	1	1
なんか雑誌が読みたくて図書館で2020年1月の雑誌を借りてしまった笑	1	1
寝不足が続くと一日寝たきりになることも。結局毎日、きちんと睡眠を取る方が結果的に効率的なんだと実感。	1	1
暇な時にすること。スマホの画面整理とTwitterの予約投稿。	1	1
圧力鍋。買う前は使いこなせるか心配だったけど、今は無いと困るれべるに。超絶便利！	1	0
図書館で借りた去年の雑誌。感染症予防の特集にコロナが載ってなくて何か新鮮だ。	1	1
最近また寝るのが遅くなってきて寝不足気味です。夜更かしは百害あって一利なしなのに。	1	1
在宅ワーク中はAmazonプライムでカフェミュージックをよく聞きます。捗る！	1	0
昔3日間断食したら、3キロ痩せて1キロだけリバウンド戻った。でももう年齢的に無理かなー。	1	0
小学1年生の長男。鍵を持たせるか迷う。まだ早いかな。	1	1
今日は久しぶりに公園へ。必ずと言っていいほど、誰かしら知り合いに会います。私も子供も楽しかった！	1	1
今日は在宅ワーク中にミルクフォーマーを使って丁寧にカフェオレを入れました。すごく美味しかった！カフェオレだとコーヒー少な目で済むしカフェイン苦手な人にもおすすめです。	1	2
ランチタイムだけとかの週1のパートないかなー。外に出たい欲が高まってきた。でも在宅ワークの方が都合は良いから悩ましい。	1	1
おしりたんてい。こんな時間にもやっているんだ。	1	1
嬉しい言葉と嫌な言葉。心により強い影響があるのは嫌な言葉の方。嬉しい言葉をもっと大切にしていきたいです。	1	1
圧力なべのオニオンスープのレシピ。体にも良さそうだし。何より簡単そう。	1	1
日曜日の焼肉食べ放題に備えて減量中。食べ放題のメニューを眺めてニヤニヤしてます。	1	2
わが家の子どもたちは鼻歌が多い。特にトイレ中。暇なのかな。	1	1
Twitterまだまだ初心者。2000人とか3000人とかフォロワーさんがいる人たちすごい！自分も頑張ろう！	1	1
漫画好きで在宅ワークしている気性が穏やかだけどお喋りとお酒好きなママ友ができますように。	1	1
1日100ツイートしてる人もいるんですね。すごい！	1	1
電動歯ブラシ買おうか迷う	1	1
あっという間に11月やー！	1	1
長男次男全く同じ物を買わないと大騒ぎするようになった。特に次男がひどい。	1	1
ケンタッキーの鳥の日パック。なんで29日じゃなくて28日なんだろう。	1	1
車欲しいけど事故るの怖いから無理だなー。ずっとペーパードライバーだ。	1	1
ケンミンショー久しぶりに見た。旅行行きたいな。	1	1
ビデオでとったのばっかり見てるからたまにリアルタイムでテレビ見るとcmがやだなー。	1	1
夫がダイエット中なのにお菓子を買ってきて勧めてくる笑	1	2
レベルEの漫画。久しぶりに読みたいなー	1	1
すき焼きに卵美味しそう?	1	1
夫に焼肉食べ放題。ビールも頼もうと言ったら、「ビールを飲む余裕があるなら肉を食べろ！」と力説された。	1	1
この時間のケンミンショーは飯テロ。	1	1
嵐解散までもう少しかー。寂しいな。	1	1
赤こんにゃく食べた事ないなー	1	1
赤こんにゃく、見た目グロい。	1	1
飛び出しぼうやに似たキャラ。実家の近くにもいる。	1	1
ステンレスの卓上ポット買おうかなー。	1	1
子供達が「オレオ買っていい？」と聞いて良いよーと言って会計したら、2つ入ってた。油断も隙もない。	1	1
次男が幼稚園で大好きな女の子に猛アタックしてるらしい。ウザがられてないか心配。	1	1
うなき茶漬け美味しそう	1	1
ケンミンショーずいぶん長くやってるなー	1	1
最近ダウンタウンの凄さを感じてる	1	1
ダウンタウンDX最近テレビ見てないから知らない人ばかりだ。	1	1
子供達、寝ないと早く寝てーと思うけど、寝てしまうと少し残念。矛盾。	1	1
カフェイン無しの飲み物を探してたけど、結局白湯が一番手軽な気がしてきた	1	1
カレー年360日ってすごい。	1	1
以前書いた記事にコメントが沢山ついてました！肯定的なコメントが多く安心。反響があると嬉しいですね。	1	2
記名執筆はメリットデメリットありますね。メリットになるような記事執筆をこころがけたいです。	1	1
ブログ記事。次は何を書こうかな。ダイエット記録とか実益を兼ねてやってみたい。	1	1
お気に入りの耳かきが行方不明。困る	1	1
メルカリは値引き交渉ありきの価格で出品してるので、そのまま売れるとかなり嬉しいです。	1	0
はじめてのアコムこのキャッチコピーに毎回感心してしまう。	1	1
もうクリスマスシーズンか。終わったら今度は正月だ。	1	1
ランサーズでBUYMA登録の仕事多いけど、提案してる人も少ない。大変なのかなー。	1	1
キッチンの作業スペースもう少し広くしたいな	1	1
ランサーズ、小まめに見てると掘り出し案件に出会えることがしばしば。チェックは必須ですね。	1	1
アレクサ買おうかな。レビュー見てたら欲しくなった。	1	1
焼肉食べ放題楽しみすぎるけど、多分大して食べられない予感。でも、ワクワクするのも楽しいし。	1	2
綾瀬はるか見ると和む	1	1
一度子供達と寝落ちしてしまうと、その後起きてもずっと頭痛が・・・。何でだろう？？？謎。	1	1
ディズニー300億の赤字。はやくコロナ終息しないかな。	1	1
おはようございます！寒くなってきましたね。今日も一日コツコツ積み上げ頑張ります。	1	0
アップルウォッチ見れば見るほど欲しい。でも高い！迷うなー。	1	1
肩こり解消のためにホットヨガ行きたいけど、近くのホットヨガでコロナの人が出てしまった。昔、肩こりで手も動かなくなった時にホットヨガで改善されたからまた行きたいな。	1	1
コロナの話題がニュースに1日1度も出なくなるのいつになるんだろう。	1	1
コロナ収まっても「第二のコロナ！？」的なネットニュースの見出しが出そう	1	1
「ここの壁汚れてるよ?」と教えてくれるけど拭かない夫。子供達が乳児の時にも「なんか泣いてるよ?」て教えにきたな。	1	1
ユニクロのLINEチラシ送られてくるとついつい欲しくなってしまう?。断捨離中なのに笑	1	1
毎朝日課にしてるナノケア。メルカリで新品安く買えたので良かった！目元を温められるので、眼精疲労を抱えてるライターさん達にもおすすめです。	1	1
バス通園から徒歩通園になって沢山のママさんと交流ができるように。でもバス通勤メンバーの濃くて狭い環境も良かったな。今度記事にしてみよう。	1	1
さぁ。10時までには家事を一通り終わらせなければ！	1	1
朝、どっちらけの部屋を見るとげんなり。夜片付ければいいんだけど、結局朝にも子供が汚すしなー。	1	1
溜まってた段ボール一気に片付けた！すっきり！	1	0
今日幼稚園で先生に「次男君はしっかりしたお兄ちゃんタイプで私達も助かってます！」って言われてびっくり！家ではザ・次男なのに。	1	2
前に会った中学の友達。役員もしっかりこなしつつブレない考え方でカッコ良かったな。芯の通った人間になりたい。	1	1
またメルカリで無駄遣いしてしまったぁ！	1	1
来月は目標金額達成できるかな。この3カ月ずっと達成できてたのでちょっとプレッシャーです。	1	1
結局どこに行っても人間関係は人生の大きな課題ですね。できるだけ自分で自分を嫌いにならない生き方をしたいです。	1	1
うーん。クライアント様に見出しチェックしてもらいたかったけど、ログインしていない様子。先に記事を書いてしまうか迷う……。	1	1
とりあえず修正入っても良いから書いちゃうか。	1	1
伸びが良いブロガーさんは本人にも勢いがあるな。見習わなければ。	1	1
近所のご自由にお持ち下さいの米ぬか。とうとう今日もらってきた。レシピ調べないと。	1	1
今日も天気が良くて気持ち良い！やっぱり日の光は人間に大切ですね。南の国で過ごしたい	1	0
洗濯物ようやく干しました	1	1
他の子たちを見てると手作りマスクの子少なくなった気がする。普通に買えるようになったからかな。	1	1
マッサージの記事書いてるとマッサージ行きたくなるし、食べ物の記事書いてるとお腹が空く。我ながら単純。	1	1
久しぶりに記事を書いたらスピードが落ちた気が。。。毎日書かないとだめだな。	1	1
お昼ご飯終了！記事納品までしちゃおう！	1	0
子供達が帰ってくる前に少しゴロゴロしてたい。帰って来たら寝るまでノンストップだ。	1	1
納品完了～。どうなるかなー。	1	0
ランサーズ初めての頃、評価で「★3」をもらってしまいショックを受けたことが。納品後、すごく喜んでもらえ、しかもその後、再依頼があったにも関わらずです。思い切ってクライアント様に聞いた所、特に何も考えずにつけてしまったとの事で、事務局にも連絡してもらい「★5」に変えてもらえました。	1	1
ライターにとって評価って本当に命綱ですよね。そして、「一度登録した評価は変えられません」と記載ありますが、双方で合意があれば当時は変えられました。結構昔の話なので今はダメかも知れませんが……。	1	1
私の場合は再依頼まであったので思い切って聞けましたが、1回だけの依頼だとただ凹んで終わってしまいそう。	1	1
同級生で穏やかだった友人。友人が警察官になって数年後。「〇んだ方が世の中の為になる人間がいる」とか言いだして闇を見た気がした。	1	1
デザインとかイラスト書けるようになったら在宅ワークの仕事の幅ももっと広がるんだろうな	1	1
超PayPay祭くじで800円当たったけど、これはすごいのか？？？判断が難しい。1600円以上で利用可みたい。	1	1
アグレッシブな人が羨ましい。体力付けないとなー	1	1
家の鍵問題どうするか長男とも相談しないとな	1	1
子供のことで悩んでると母親になったんだなーと実感する	1	1
育児にまつわる夫から言われてカチンときた言葉。「子供に風邪を引かせないようにしてね」無理っす。	1	1
この人、人間関係に恵まれてるなぁと思う人って結の人自身が魅力的だったりしますね。	1	1
アレクサ、アプリでインストールできた。使えるかなー	1	1
昔、共働きなのに家事を全くしない夫と話し合い。「だって家事を覚えたら次からしなきゃいけなくなるだろう！？」の言い分に脱力した思い出。	1	1
今週もお疲れ様でした！来週はもう11月。	1	0
雲パン美味しそう	1	1
子供達と何故かデカ盛りハンターを見てる。8000キロカロリーすごいな。	1	1
マスク冬用の買わないとなー	1	1
米ぬかはじめて飲んだけど、きなこみたいで美味しい！	1	0
ハッピーセット、またプラレールが始まるからしばらくマックばかりになりそう。	1	1
米ぬか。パンに混ぜて焼くことにした。どうなるかなー。	1	1
おはぎ美味しそう	1	1
ACジャパンのCM。心に刺さる作品作れるのは才能ですね。	1	0
明日のハロウィン。何かしたいけど今年はあまりやらないかなーら、	1	1
5Gどれくらい早いのかな。	1	1
次男は寝たのに長男が何故か熊のように部屋をウロウロしてる。寝てくれー。	1	1
伊藤健太郎もったいないな。事故は仕方ないにしても逃げちゃうのはだめだよね。	1	1
マスククリップとか、ヘアアクセサリーとか色んなアイデア商品考える人すごいなぁ	1	1
今週は天気良い日多そうで良かった。、でも寒そうだな。	1	1
食パン発酵中。ふくらみか足りなくて追加。未だに調整が難しいな。	1	1
ハリーポッターやってたの忘れてた	1	1
ハリーポッター久しぶりに見るとやっぱり面白い	1	1
そういえばハリーポッター結末知ってる状態で見るの初めてだ。	1	1
ハーマイオニー可愛い	1	1
ホグワーツ親目線で見てると絶対に入学させたくない。	1	1
ハリーポッター見てるとUSJ行きたくなってくる	1	1
また白髪染めないとなー。	1	1
子供の寝かしつけに行った夫が帰ってこない・・・	1	1
金曜ロードショーCM長いのがネック。あ、トイレ休憩なのかな	1	1
ホグワーツ怖すぎ	1	1
アメブロでフォローしているブロガーさん達が一気に同じ商品紹介し出すと複雑な気持ちになってしまう	1	1
早くCM終わらないかなー。	1	1
いよいよクライマックス	1	1
気になっていたどう考えても、単価と内容のバランスがおかしな案件。やっぱりキャンセルになった。提案しなくてよかった。	1	1
トビー強いな	1	1
ハグリッド最初は好きじゃなかったけど、最後は好きなキャラになった。	1	1
水1日1.5リットルといってもなかなか飲めない。	1	1
ハリーポッターだんだんシリアス展開になるんだよね。	1	1
来週も見ないと！	1	1
髪も染めなければ	1	1
明日また夫が子供連れ出してくれるらしい。たまには一人でどこか行こうかなー	1	1
だんだん寒さが冬の気温になってきた。風邪を引かないようにしないと。	1	1
体調が悪いと考え方までネガティブに。健康な体になりたいー。	1	1
おはようございます！毎朝、ラジオ体操とヨガを日課にしはじめました！昔と比べて体が明らかに固くなってます。老後に向けて体のメンテナンスも大切ですね。今日も頑張ります！	1	1
壁の角に貼ったコーナーガードが何度も落ちてしまう。	1	1
Amazonプライムでもハリーポッターやらないかなぁ	1	1
ハリーポッター効果でHuluの加入者増えてそう	1	1
米ぬかで作ったパン。甘味があって美味しい！また作ろう	1	0
米ぬか、おから  パウダーよりも使い勝手良いかも。	1	0
ママ友ランチ会。たまに何故この集まりに呼ばれたんだ？という事も。誘われるのは嬉しいので、有り難く参加してます。	1	0
夫に布団二階に上げといてと頼んだら、本当に上げただけ。干すまで頼まないとダメなのかな?。	1	1
メルカリで頼んだ次男の着ぐるみ。ハロウィンで使う予定じゃ無かったのでいつでも良いと入れたんだけど、今日の午前中に間に合うように発送してくれた。優しい人だ。	1	1
子供達、マック行く前に公園でも少し遊ばせたいな。	1	1
仲の良い友達なら3日くらいLINEの返信無くても全然気にならないけど、知り合って間もない人だと、半日返信ないだけでソワソワしてしまう。	1	1
午後はフリーになるけど、家事をするか外に出掛けるか未だに悩んでる	1	1
気の合う人よりも合わない人の方につい注意がいってしまいがち。今の気の合う人達との仲を深めた方が良いのに何故だろう。	1	1
未だに年賀状出すか出さないか決めかねるー。結局年末になって出すことになる予感。	1	1
幼稚園の大人しそうな年中さんの女の子。鬼滅の刃にハマってるとママから聞いてびっくり！鬼滅の刃がこれだけブームになるわけだ。	1	1
子供の頃に渡されたおもちゃの指輪を大事に持ってるような人が好き。	1	0
ツイッター検索がポンコツなのか、わたしがポンコツなのか	1	1
ちょっと肉体労働して睡魔が	1	1
美しいものを摂取しないと。	1	0
しいて言うなら高瀬舟かなぁ	1	1
ごんぎつねは時々作業中に歌ってしまう	1	1
言語置換能力を上げたい	1	1
世界史が好きだった。先生の話面白かった。	1	1
世界史はなんか物語聞いてる気持ちで授業聞いてた。	1	1
動悸息切れめまい…これが鯉	1	1
洋楽ではMIKAが好き	1	1
おやすみ世界。今夜はカレーよ。	1	1
元気でいたいけどそうもいかないことってあるよね。ままならない世の中だなぁ	1	1
バックトゥーザフューチャーの曲がどこからか聞こえてくる。	1	0
29度で涼しいって思うってやばくない？前はこれで暑いって思ってたのに。	1	1
あ、13日の金曜日	1	1
最強の武器は素手	1	1
それはそうとウォーキングデッドの季節が今年ももうすぐやって来ますね。	1	1
男はすっこんでろって言う女は非常に好き	1	1
何で動物のもふもふは可愛いのに、人間はつるすべが良いんだろ。	1	1
心恋って言葉初めて知ったや	1	1
ソーラン節とか花笠音頭とか	1	1
小学生か幼稚園の頃はカービィのなんか踊った	1	1
月見さん頭痛です。多分台風のせい	1	1
今夜は焼きそば&ちょっと焼肉です	1	0
温泉行きたいなぁ	1	1
猫アレルギーにとっては地獄だな	1	1
DM見てわあああってなった。名前とアイコンだけです。	1	2
確実に狂ってるなぁって。	1	1
え、九月って62日まででしょ？	1	1
フォロワーのフォロワーはフォロワーだと思ってた……	1	1
流鏑馬見たことあるよ。	1	1
ようこそ 消費税10%の世界へ	1	1
funny bunny…よき。	1	1
ポテトサラダにはマヨネーズと塩胡椒そしてからし……	1	1
月見は今日はケーキ焼きチャレンジです	1	1
でも私はかぼちゃの色でしゃっくり止まったことない。	1	1
恋に身を滅ぼすことを「秋の鹿は笛に寄る」って言うんだって。へー。	1	1
じょーかーいいなぁとTLで見るたびに思ってる、みにいきたい	1	1
田舎の欠点：思い立っても映画館がない	1	1
踏んだり蹴ったりじゃないですか	1	2
吉四六さん好きだったな	1	1
メイシーちゃんの仕掛け絵本好きだった	1	0
踊り手とか歌い手とか実況者とかって一般人なんだけど、有名になれば少し遠い存在になるの、関係性が好きだな。	1	1
胃が痛い…電話嫌い…	1	1
hspとはまだ折り合いがつけれてない	1	1
語学も気になってたけど先生に惹かれて文学に行ったんだ。あの先生のゼミに入りたくて。	1	2
レポートは表作ってそれの解説していく方法がやりやすくて好きだった。	1	1
冬のうに?ぁーさるすたじおじゃぱんは綺麗だよ	1	1
ショートケーキ！って感じのショートケーキだ！可愛い！	1	0
君がため惜しからざりし命さへ　長くもがなと思ひけるかな	1	1
いいおなかの日か	1	1
目玉焼きって醤油とソースでよくバトってるけど、うちは塩胡椒なんだよなってよく思う	1	1
どうも、萩野です。（違います）	1	0
銀だこ！！！！うらやまし！！！！	1	0
トングで威嚇するしない結構好き	1	1
さっきからBUMPがTLにちらちらしてにゃあああってなっている。	1	0
寝よ寝よこんな時間じゃ	1	1
今日大事な日なのに血祭り 数ヶ月ぶりなので重くならないことを祈るしか無い	1	1
ゆーちゅーぶで偶然聴いて耳から離れなくなってしまった。	1	1
コメダ近くにないな…	1	1
ラブホ女子会楽しげ	1	1
クリスマスイブか	1	1
今日ね、夕方から死ぬかもしれないから生還したら私は偉い()	1	1
嬉しかったのでスクショした	1	2
あけましておめでとうございます！！！今年もよろしくお願いしますーーーー！！！！	1	0
お腹も痛いから気分が下がるるる……	1	1
ガレットデロワ	1	1
きつね色のあたたかでパリパリした語感	1	1
まさおかしきしきしきし	1	1
キャッツを観るか我慢するか	1	0
れんこんの天ぷら好き	1	1
ハリネズミかわいいよね…	1	1
おれはかまきりって懐かしいよな。	1	1
フォロワーさん成人式か。おめでとう！	1	0
白系統の柔らかい色好き	1	1
昨日はちょっとしんどくて早め(当社比)に寝た。回復した。	1	1
今日これからちょっと頑張んないといけないので、ネプリを御褒美に頑張ろうと思う	1	1
それはそれとして月見甘いもの食べられないんだよね、苦手で。	1	1
京言葉は学生時代必修だったけどあんまり覚えてないんよな	1	1
すごく眠い授業だったことだけは記憶してる　あとぷりん賛歌	1	1
めがてらさんの歌うアボカド好きなんだよな	1	1
豆スープおいしそ	1	0
ワ、新型ウイルス関西に…	1	1
しぶは主に閲覧用	1	1
推しが可愛い	1	2
納豆がまずハードル高いかなぁ	1	1
サスペンダーって良いよね。	1	1
怖くないっていうのは大抵怖いのがセオリー	1	1
今日は病院DAY	1	1
dmのいいねっぽい機能…使い方がよくわからない	1	1
バレンタインだと言えばそれはバレンタインなのだ　だからまだバレンタイン	1	1
YANKEE推しわかる	1	1
好きフォロワーが久々に浮上してる！　……という夢を見たのさ。	1	0
筋肉にお願いだ　って感じ	1	1
腹痛大魔神…………	1	1
身体が最近バキバキ	1	1
関西弁はいいぞ　母国語だ(？)	1	1
ちょっともう寝るわ…眠気大明神がが	1	1
地獄温泉ってあるよね	1	1
フォロワーさんたちが雪降ってるって言うから外見て降ってなくてしょんぼりした　関東の話かぁ…	1	1
いいねで意思表示できないの不便	1	1
玄米茶が好き	1	1
ダークライって色んなものと戦わせられてるよなって。	1	1
頭が痛くて一旦寝る　現実が地雷…	1	1
定期的に良いものを摂取するのは必要だな	1	0
昔のディズニー映画が好きだな　今のも嫌いではないんだけども　味がある感じ	1	0
昔　母がでずに映画とかのビデオ揃えててくれたから、昔のは大体見たことあるのが嬉しい	1	1
アメリ良いですよね…	1	0
ズオウとヒイタチ今でも歌える	1	0
ラプンツェルは序盤と最後らへんが好き	1	0
ゴーテルが落ちる瞬間ラプンツェルが手のばしてるの見るとグゥ…ってなる	1	0
ゼロのmv観れるとか贅沢の極みじゃん…すき……	1	0
ちょっとベッド破壊してました。	1	1
学校でバーベキューはしたことないわね　焼き芋ならあるけど	1	1
起きたくないってぐずったら寝かしつけてくるフォロワー笑った　好きですおはよう	1	1
軽率に平井堅のアイシテルのMVを見てしまって泣いてる　あれはあかん…泣く…	1	1
中学は市民プールだから掃除しないし、高校は…よく分からんかったな	1	1
鮭のムニエルって美味しい	1	1
指の綺麗な人は憧れ	1	0
最近プロモーションが増えた気がする	1	1
今日の私はハピハピハッピーデイ	1	1
奇声を発しそうなので、腹におにぎりを詰めて来ました。少し落ち着きました。	1	2
漫画読んでたらこんな時間ですよ	1	1
眠くてブチ切れそう　切れない	1	1
えるれ、好きです	1	1
TRPGは最初の時にろくな説明もないままにいきなり始まっていつのまにか終わってたので苦手意識ある。	1	1
猛者じゃん…	1	1
素敵なものを眠る前に見られたhappy	1	2
やめられないとまらない	1	1
なんかずっと気分悪いのよね	1	1
小説のアニメ化ドラマ化ってそういう事故あるから分かるすごく分かる	1	1
ウグイスがめっちゃ鳴いてる	1	0
最近もらってばっかで、そろそろお礼参りに行かにゃならんと思っている	1	1
訳あって今たい焼き作ってる	1	1
カレーパン最近食べてないなぁ	1	1
夏の虫が鳴いている。	1	1
カワウソのぬいぐるみ前から気になってるのんフォロワ買っててすごく欲しくなってるけど駄目です	1	1
腹が筋肉痛ですわ	1	1
洗濯機のデリバリー	1	1
飯が食える食えるぞ　飯が食えるぞ	1	1
私の武器はミニサイズのピコピコハンマー	1	0
みかん食べたくなってきた	1	1
可愛い女の子は目に入れても痛くないんじゃないかって気がする	1	1
数時間前に雨風やばくて一旦目が覚めた　ごごごごって音がしてた	1	1
ｵﾊﾖｳｺﾞｻﾞｲﾏｯｯｯｯｯｯ	1	0
フォロワー機関車トー◯ス	1	1
鳥獣戯画…いいな…	1	1
うさぎうさぎ何見て跳ねる	1	1
文字アクキーは作ってみたいな	1	1
U18フォロワーどれくらいこの垢のフォロワーにいるんだろうか	1	1
腕は生えるんだよ	1	1
ニコイチフォロワー…いない、かな…	1	1
Kawaii	1	2
家の中で虫と遭遇すると一瞬動作が止まってしまう	1	1
臆病な某犬くんだ～	1	1
そろそろ寝…られるかは分からないけどおやすみチャレンジします	1	1
フォロワー怖いわぁ	1	1
とうとうほんだに勝てなかった	1	1
誤報ならまぁ、良かったね	1	1
映画観た　happy	1	2
夏は嫌いだけど、夏(概念)は好きです	1	1
ひょっとしてたい焼きさんおる？	1	2
文章は実質映像　わかりみ	1	2
まずフォロワーは人のような人じゃないもの的な認識がどこかである。	1	1
プリンセスもカメラに映ってない時は汗だくだくなんだよ	1	1
まほうじんぐるぐるアニメみてた…なつかし…	1	1
fgoは未履修なのでよく分からんがフォロワーが楽しそうにしてることはわかった。よきかな。	1	1
なんか書かなきゃ…という漠然とした焦りだけがある	1	1
さっき妹がぴえんの歌かけてたせいで脳内エンドレスリピート	1	1
めっちゃおめでたいな？！？！！！！！？一瞬で目が覚めたわ	1	0
はぁ……ちょっと幸福感で動悸息切れ…今日はバンプの曲聴いてバンプ祭りだわ……	1	0
改行と誤字は解釈違いだから滅ぼす	1	1
ダメ元という先人の知恵がある	1	1
王の獣無料公開分一気読みしてた	1	1
活字ブックマーカー買おうかどうか迷ってやめたけどあれいいよね	1	1
最近お腹に暴れん坊将軍飼ってるかのように不調	1	1
来世は金持ちのお上品なマダムに可愛がられてる飼い猫になりたい	1	1
Twitter仕様が使いにくくなってて	1	1
月見さん今日月見バーガーきめてきたから優勝	1	0
ゴミ出しの日の雨は許さない	1	1
今の時間帯にdm返すとか月見さんヨォ…	1	1
ほんとりぷへんできてな……申し訳…………	1	1
私が貧弱なのでダークライさんは多忙なくらいでいい勝負ができる	1	1
空いてるすいぞっかんに一人で行きたい	1	1
一人で旅行したい	1	1
他人と一緒も楽しいけど疲れるし	1	1
国勢調査家族皆めんどくさがるから私がやったな　ネットって便利	1	1
文字のファンアートってどうにか出来ないものかな	1	1
スイーツは見る専作る専	1	1
ぴえんも分からんけどぱおんはもっと分からん　象かよ	1	1
何か色々最近出来てないなって　まぁ趣味だからいいけど	1	1
睡魔さん飛んでけ	1	1
行ってきますのキスとか実物見たこと無いな	1	1
あ？画像欄もぶっこわ	1	1
かわいいダイレクトアタック	1	2
喉がパリパリって感じ	1	1
寒くなった　あんなに暑かったのに	1	1
最近鼻の蛇口がぶっ壊れて返信考えるどころではないのほんと何	1	1
趣味に影響が及ぶほど好いて頂けるってすっごい嬉しいことだなぁ	1	0
最近はコンビニで手軽にプロテイン\nトレイニーの時代か…	1	2
去年のクリスマスには８３キロあった体重も今は66キロまで減った! ?17キロ!誰だって、何歳からでも変われる	1	0
GoogleFit　健康管理にはまずまず役立つ	1	1
下乳の強化で、輪郭を作っていきたい!	1	1
足も鍛えなきゃ…	1	1
朝ウォーキング中に筋トレ場所発見!ラジオ体操のおっちゃんたちの横で懸垂するぜファイヤー	1	2
チャリンコ通勤3年目。往復だいたい一時間半の道のりも今は清々しいチャリンコ通勤3年目。往復だいたい一時間半の道のりも今は清々しい\n最初は帰りが辛かったけど、今では物足りないから朝からウォーキング、ラン追加してる。\n脂肪減らすぞ!	1	1
しばらくマスクつけてると仕事なのにヒゲそらずに出勤してることに気づく気をつけよ（汗）	1	1
今日の腕トレは効いた\nパンパンやー\n気持ちいい―	1	1
朝サラダ\nプラスしてササミのマヨ焼きとオートミールいただきます	1	0
今考えてること、飯をいつ　何を食うか考えてる。 トレーニング始めてから飯に取り憑かれてる	1	1
筋トレモチベーション維持のためにみんなのツイート見てる!バリやる気出るやんけー	1	0
鬼滅にハマった娘、鬼トレ協力よろしく!	1	1
トレーニング始めてからの変化。 肌がきれいになった\n前は腕に小さなプツプツあったけど先月くらいからスベスベしてきた	1	1
早朝の懸垂きっついけど気持ちいい	1	0
三頭筋トレ。自重でやるならみんなどんなバリエーションでやってます?	1	1
トレーニングを始めてから身体が変わる。最近職場で「どうやったら痩せれたん？」と聞かれることが増えた。 いや、聞かなくてもホントはみんなわかってる。やるしかない事はすでに頭でわかっている。 取り組み始めるかどうか、それを続けるかどうかが問題。	1	2
夢を叶える。楽な道なんてない、ただ進み続けるマインド、辛く落ち込みそうなときも未来の自分を見つめるマインドが必要。 自分にとっては全てがトレーニングに凝縮されていると思う	1	2
学生以来のプロテイン。買ってしまった妻には内緒	1	1
昼飯のオートミール粥　プラスしてタンパク質の高野豆腐のからあげと卵焼き、サラダいただきまーす！	1	2
プロテインが錠剤サイズならどこでも飲めるのにそんなのある？ないなら作るか	1	1
プロテインタブレットあるわ	1	2
今朝の体重66.7キロ　体脂肪率17%でキープ。もっと脂肪を落としてカリカリに仕上げるぞ!帰宅したら今日は脚トレ頑張ります	1	2
カロリー取ろうとして昼めししっかり食べたら腹いっぱいで動くのしんどくなったわ（汗）分食にしたほうが体に優しいね無理やり行きます	1	1
サイヤマンさんやコアラさんの体見てたらモチベ上がる	1	2
今朝の体重　67.2キロ 体脂肪率18.8日% まだまだ腹の皮下脂肪がつまめてしまう有酸素頑張らなあかんか?	1	1
今日の体重66.9キロ　体脂肪率17% 大胸筋のラインしっかりしてきた	1	2
今日は腕と肩頑張ります!	1	1
腕！肩はだいぶいい感じにパンプしてきましたこのまま頑張ります!	1	0
早朝トレーニング 梅雨の晴れ間を塗ってウォーキング&軽い筋トレ 朝の四時はまだ誰もいません	1	1
片道40分、チャリで有酸素頑張ります	1	0
去年は履けるズボンがなく仕方なく買ったユニクロのズボン。今では拳3つは入ります人はいつでも変われますね!	1	0
人の不倫にワイワイ言ってるワイドショーのコメンテーター達。暇やねんな。不倫がいいとは思わんけど、あくまで人のこと。人を叩く前に自分の体鍛えようぜ!	1	1
木綿豆腐に一晩味噌を塗ってしっかり水を抜きます、それを薄くスライスしてトマトと交互に挟めばなんちゃってカプレーゼの出来上がりですヘルシーでいいですよ	1	0
栄養や調理が気になる。もっと美味しく栄養価の高いものを食べたい欲求がすごい	1	1
昨夜の肩トレ、ホームセンターで買ったゴムバンド使ってます\n仕事のあとジムに行けないので自宅でトレーニングです	1	1
自宅で腕トレ、ダンベルないので高島屋の紙袋に本を詰めて重量調整してます。これは約8キロ。高島屋の紙袋は強いです	1	2
先ほど友人に「停滞期つらすぎる」と相談されました。辛いよな。頑張ってるのに成果が見えないと。 でもそれを乗り越えた先にしか理想の体や夢に手が届かないのも事実。 落ち込む事もあるけど、やってやろうや	1	1
健康のためにタバコをやめて1年になりました身体の変化としては一時期口寂しくて食べまくってたら体重が激増した（汗）その後はしっかりトレーニングと食事に気をつけたので喫煙中よりもスリムです健康になれた。あとはランニングが苦じゃなくなった	1	1
ホームトレーニングの強度を見直す。筋肥大させるためにジムにあるような高重量器具は無いから低負荷でも疲労困憊まで追い込む。すると最大筋力の80%で訓練したのと同じ筋肥大を得られるらしい。 追い込めるかどうかにかかってるね	1	1
朝のトレーニング、ウォーキング後に懸垂です	1	0
子供の習い事の待ち時間にウォーキング!以前はずっとついてないといけなかったけど今は随分楽になりましたいい汗かいたわー	1	0
やりましたー！大学生のころ以来、15年以上ぶりに65キロ台にっ！！嬉しすぎる今後は筋トレ継続して体脂肪を落としてベストボディ目指して頑張ります	1	0
昨日焼き肉食べ過ぎでお腹がダルい（汗）烏龍茶飲も	1	1
ビーレジェンド、うまいよね	1	1
今日はアームカールメインに頑張ったら腕上がらんくなった（汗）プロテインシェイク出来ない	1	1
今日はとっても清々しい	1	2
昼は外でセブンのサラチキでサラダを喰う。玄米おにぎり持ってくるの忘れたコンビニおにぎりは脂質にも気をつけよ	1	1
今から追い込みましょう	1	2
朝ウォーキング終了朝は涼しくて気持ちいいからかなり歩ける朝焼けもきれいでした	1	0
理想や目標を持つことは当然大切だけど、一歩踏み出すことはそれより大切かもしれんなみんな夢は持てるけど取り組めない人が多いと感じるこのごろ。先が見えないこともあるけどやるべきことをやっていきましょう	1	1
明日から妻の実家にお邪魔します。体は絞れてきたけど筋肉のつき方かまだまだです。トレペースや食事が乱れないように気をつけねば	1	1
夕食用に炊いた大豆どう使おうか?楽しみだな早く筋肉にナーレ	1	2
今日は胸と上腕二頭筋筋肉痛残っているので軽めのトレ。後にスクワットと腹筋頑張ります	1	1
片足スクワット。さて、何回できたでしょうか？おじさんグラグラ過ぎて恥ずかしい（汗）もっとバランス良くなるよう頑張ります	1	1
朝ウォーキング終了シャワー浴びて飯食いますジメジメを吹き飛ばしていきましょう!	1	0
バズーカ岡田先生監修のプロテインバー、中身もしっかりシックスパックです間食にちょうどいい食べごたえ	1	1
筋トレやダイエットは関係ありませんが、昨日医療従事者支援のためのアパレルを頂きました。コロナ禍で本当に辛い日々ですがこのように支援していただき心から感謝いたします。 少しでも皆様のお役に立てるよう私の責務を全うします!	1	1
休日ウォーキング!朝ごはんの心配がないのでしっかり歩けた腹筋がしっかり見えるように有酸素頑張る!	1	0
左は昨年のXmas頃のお腹です今ではだいぶスッキリしました	1	0
おはようございますこちらは今朝スッキリ晴れて爽やかです今日も一日頑張ります	1	0
土曜がこんなに楽しみになるとは次の土曜日に近くの公営ジムの講習を受けてそのまま利用予定!利用料大人で210円やって安くないですか?こんなもん?	1	0
おはようございます今日は朝活はお休みですが、筋肉朝食の準備します酷く雨のとこもあるみたいですがお互いに気をつけて頑張りましょう!	1	2
完成です先日の焼肉で余った肉を冷凍していたのを忘れてました（汗）脂質多め	1	0
移動中もミラーやウィンドウに映る上腕の筋肉を確認してしまうプロテインバー食べよ	1	1
今日は胸と肩頑張ります大胸筋を破裂させたい	1	1
朝ウォーキング終了今から朝ごはん、子供のリクエスト作ります!妻と我が子はまだ爆睡してます	1	0
今朝の朝食子供リクエストのトマトと胡瓜のサラダ、ナスベーコンの味噌味。ナスベーコンの味が濃かったので主食は素オートミールです自分が食事を気にし始めてから家族の栄養もすごく気になるようになりましたこれもトレーニング始めたおかげです	1	2
フォローワーの方が上げておられた片足スクワットChallenge!!駄目だ!出きねー今日はこれを10回連続できるまで寝られませんめまい顔	1	2
おはようございます朝ウォーキング後の朝食なかなか脂質を減らせない体重は65キロキープで体脂肪率は15%でした。もっと頑張れるはず昨夜の片足スクワットチャレンジは結果7回連続で精一杯でした今朝は脚が死んでるけどなんとか歩けました	1	2
おはようございます今日は足の筋肉痛も和らぎ朝ウォーキングも楽にできました今日の筋トレは明日公営ジムに行くこともあり腹筋のみしっかりやっていきます今日も一日頑張りましょう	1	0
でも皆んなほんとに前向きで明るい人ばっかりですね皆さんのツイート見てるとほんとに元気になります!いつもありがとうございます感謝	1	1
SIXPACKのクランベリー味発見。モッサリ食感は変わらないけど後味やニオイはチョコよりもスッキリしてるかなチョコはなんか最後に油くさい感じがするので少し苦手でしたがコチラなら大丈夫です	1	1
雨あがったー歩くぞー飯食って筋トレするぞー皆さん良い週末を	1	0
ジム行ってきましたーうん、高負荷も自重も共に利点がありますね自重ならバリエーションが色々で自宅でマシンの空きを気にせず出来ていいし、ベンプレやアームカールなんか追い込みたいときは補助もしてくれるジムはありがたかったですうまく使い分けていきます	1	1
おはよう月曜日朝から雨でウォーキングはせずなんとなく肩トレしてたら昨日届いたマイプロテイン開けるの忘れてる事に気づいて早速いただきました今日も張り切っていきましょう	1	0
いつも通りに筋トレはしてるけど、九州大雨が気になって仕方がない。 早く雨がやんでくれる事を祈るしかない。無力さを痛感します。 皆さんどうかご無事でいてください!	1	1
おはようございます今日も鬱陶しい天気ですねこちらは一時的に雨が上がり、ウォーキング終了歩いたあとは上腕の静脈径が太くなる気がする気のせいかな…。九州の方は今日も雨に気をつけてくださいね	1	2
夜トレ後、蒸し暑さ半端なく汗だく少しは絞れてんのかいな意外と写真には汗写ってないな皆さん今日もお疲れ様でした	1	2
おはようございます雷やば今日はHIITで燃焼してから仕事行きます梅雨明け手前でなかなか雨もしぶといな今日も頑張りましょう	1	0
最近昼にはサラダチキンが定番化してる。PFCバランス考えてFが増えないように一日過ごしてるとなんかほとんどおんなじもん食べるようになった気がする楽でいいけど自分だけですか	1	1
雨降ってなさそうやから歩きに出たら急に雨降ってきたくそHIITに変更や	1	1
夜トレ終了今週もいい汗かいたわー!明日はジム行こ皆さん良い週末を	1	0
ジム終わりそのまま子供のチアダンス練習付添へ（汗）コロナで親は外で待たなあかんのでウォーキングしたら汗だくでした少しは休憩せなあきませんね	1	1
「全嫁が泣いた！！」っていう広告を最近よく見るけど胡散臭さ満載やん泣かせてみなはれ人間楽な方に流れやすいから惹かれる人も多いいんかね	1	1
シメジとエリンギのマリネ風お腹にも良くってオツマミにもなります	1	2
おはようございます。今週もまだ雨が続きそうですが、梅雨明けも近いはず。頑張って行きましょう	1	2
カーフレイズやりすぎたかふくらはぎが痛くてロボみたいな歩き方になってる仕事大丈夫か	1	1
何はともあれ、筋肉痛でも一日頑張りましょう	1	0
人生終わったと思っても何度でもやり直せる。辛いときは一人で悩まず誰でもいいから相談してな。 自分はテストステロンさんの本に出会ってからマインドを変えることができました。何かきっかけさえあれば踏み留まれることもあるはず。	1	0
この子小さいのにいいことゆうねぇ筋トレも極めたら立派な武器になるはず！それまで頑張ろう	1	2
おはようございます久しぶりに雨じゃないから今から朝ウォーキング出発します!梅雨明け見えてきました	1	0
今朝の朝食はおからのポテサラ風と高野豆腐の卵とじ	1	0
コロナで大変かもしれないけど、メディアは不安を煽り過ぎな気がする	1	1
仕事終わりー子供迎えに行って筋トレしよみんなもお疲れ様ー	1	0
セミの幼虫捕まえて家で羽化させて今外の木につかまらせてきました。子供にはいい勉強になったみたいです	1	0
ついに…ダンベルがやってきました。高島屋の紙袋に沢山本を入れてアームカールしていましたが…先日紙袋が死にました	1	0
仕事のため朝から一時間耐久サイクリング	1	2
暑すぎ	1	1
今から大胸筋を追い込むぜファイヤー	1	1
